USE BusinessDB;

INSERT INTO Customers (Name, Email, Phone, Address) VALUES ('Customer_1', 'customer1@example.com', '9865635189', 'Address_1');
INSERT INTO Customers (Name, Email, Phone, Address) VALUES ('Customer_2', 'customer2@example.com', '9835685142', 'Address_2');
INSERT INTO Customers (Name, Email, Phone, Address) VALUES ('Customer_3', 'customer3@example.com', '9892342156', 'Address_3');
INSERT INTO Customers (Name, Email, Phone, Address) VALUES ('Customer_4', 'customer4@example.com', '9880784427', 'Address_4');
INSERT INTO Customers (Name, Email, Phone, Address) VALUES ('Customer_5', 'customer5@example.com', '9879504622', 'Address_5');
INSERT INTO Customers (Name, Email, Phone, Address) VALUES ('Customer_6', 'customer6@example.com', '9870026510', 'Address_6');
INSERT INTO Customers (Name, Email, Phone, Address) VALUES ('Customer_7', 'customer7@example.com', '9895773788', 'Address_7');
INSERT INTO Customers (Name, Email, Phone, Address) VALUES ('Customer_8', 'customer8@example.com', '9875176160', 'Address_8');
INSERT INTO Customers (Name, Email, Phone, Address) VALUES ('Customer_9', 'customer9@example.com', '9852601102', 'Address_9');
INSERT INTO Customers (Name, Email, Phone, Address) VALUES ('Customer_10', 'customer10@example.com', '9857140793', 'Address_10');
INSERT INTO Customers (Name, Email, Phone, Address) VALUES ('Customer_11', 'customer11@example.com', '9890606818', 'Address_11');
INSERT INTO Customers (Name, Email, Phone, Address) VALUES ('Customer_12', 'customer12@example.com', '9887816731', 'Address_12');
INSERT INTO Customers (Name, Email, Phone, Address) VALUES ('Customer_13', 'customer13@example.com', '9894434536', 'Address_13');
INSERT INTO Customers (Name, Email, Phone, Address) VALUES ('Customer_14', 'customer14@example.com', '9830392276', 'Address_14');
INSERT INTO Customers (Name, Email, Phone, Address) VALUES ('Customer_15', 'customer15@example.com', '9815567607', 'Address_15');
INSERT INTO Customers (Name, Email, Phone, Address) VALUES ('Customer_16', 'customer16@example.com', '9893936387', 'Address_16');
INSERT INTO Customers (Name, Email, Phone, Address) VALUES ('Customer_17', 'customer17@example.com', '9870421169', 'Address_17');
INSERT INTO Customers (Name, Email, Phone, Address) VALUES ('Customer_18', 'customer18@example.com', '9835987014', 'Address_18');
INSERT INTO Customers (Name, Email, Phone, Address) VALUES ('Customer_19', 'customer19@example.com', '9848317045', 'Address_19');
INSERT INTO Customers (Name, Email, Phone, Address) VALUES ('Customer_20', 'customer20@example.com', '9829421614', 'Address_20');
INSERT INTO Customers (Name, Email, Phone, Address) VALUES ('Customer_21', 'customer21@example.com', '9814211071', 'Address_21');
INSERT INTO Customers (Name, Email, Phone, Address) VALUES ('Customer_22', 'customer22@example.com', '9866014434', 'Address_22');
INSERT INTO Customers (Name, Email, Phone, Address) VALUES ('Customer_23', 'customer23@example.com', '9819197725', 'Address_23');
INSERT INTO Customers (Name, Email, Phone, Address) VALUES ('Customer_24', 'customer24@example.com', '9892836506', 'Address_24');
INSERT INTO Customers (Name, Email, Phone, Address) VALUES ('Customer_25', 'customer25@example.com', '9894733436', 'Address_25');
INSERT INTO Customers (Name, Email, Phone, Address) VALUES ('Customer_26', 'customer26@example.com', '9812252284', 'Address_26');
INSERT INTO Customers (Name, Email, Phone, Address) VALUES ('Customer_27', 'customer27@example.com', '9859998193', 'Address_27');
INSERT INTO Customers (Name, Email, Phone, Address) VALUES ('Customer_28', 'customer28@example.com', '9813140772', 'Address_28');
INSERT INTO Customers (Name, Email, Phone, Address) VALUES ('Customer_29', 'customer29@example.com', '9848473185', 'Address_29');
INSERT INTO Customers (Name, Email, Phone, Address) VALUES ('Customer_30', 'customer30@example.com', '9861089795', 'Address_30');
INSERT INTO Customers (Name, Email, Phone, Address) VALUES ('Customer_31', 'customer31@example.com', '9827528382', 'Address_31');
INSERT INTO Customers (Name, Email, Phone, Address) VALUES ('Customer_32', 'customer32@example.com', '9819252220', 'Address_32');
INSERT INTO Customers (Name, Email, Phone, Address) VALUES ('Customer_33', 'customer33@example.com', '9866516939', 'Address_33');
INSERT INTO Customers (Name, Email, Phone, Address) VALUES ('Customer_34', 'customer34@example.com', '9873293252', 'Address_34');
INSERT INTO Customers (Name, Email, Phone, Address) VALUES ('Customer_35', 'customer35@example.com', '9839658071', 'Address_35');
INSERT INTO Customers (Name, Email, Phone, Address) VALUES ('Customer_36', 'customer36@example.com', '9852878763', 'Address_36');
INSERT INTO Customers (Name, Email, Phone, Address) VALUES ('Customer_37', 'customer37@example.com', '9829437079', 'Address_37');
INSERT INTO Customers (Name, Email, Phone, Address) VALUES ('Customer_38', 'customer38@example.com', '9810017039', 'Address_38');
INSERT INTO Customers (Name, Email, Phone, Address) VALUES ('Customer_39', 'customer39@example.com', '9880131624', 'Address_39');
INSERT INTO Customers (Name, Email, Phone, Address) VALUES ('Customer_40', 'customer40@example.com', '9881728665', 'Address_40');
INSERT INTO Customers (Name, Email, Phone, Address) VALUES ('Customer_41', 'customer41@example.com', '9891974421', 'Address_41');
INSERT INTO Customers (Name, Email, Phone, Address) VALUES ('Customer_42', 'customer42@example.com', '9819790203', 'Address_42');
INSERT INTO Customers (Name, Email, Phone, Address) VALUES ('Customer_43', 'customer43@example.com', '9868246980', 'Address_43');
INSERT INTO Customers (Name, Email, Phone, Address) VALUES ('Customer_44', 'customer44@example.com', '9815824791', 'Address_44');
INSERT INTO Customers (Name, Email, Phone, Address) VALUES ('Customer_45', 'customer45@example.com', '9864004136', 'Address_45');
INSERT INTO Customers (Name, Email, Phone, Address) VALUES ('Customer_46', 'customer46@example.com', '9866984362', 'Address_46');
INSERT INTO Customers (Name, Email, Phone, Address) VALUES ('Customer_47', 'customer47@example.com', '9880681258', 'Address_47');
INSERT INTO Customers (Name, Email, Phone, Address) VALUES ('Customer_48', 'customer48@example.com', '9841943520', 'Address_48');
INSERT INTO Customers (Name, Email, Phone, Address) VALUES ('Customer_49', 'customer49@example.com', '9890898735', 'Address_49');
INSERT INTO Customers (Name, Email, Phone, Address) VALUES ('Customer_50', 'customer50@example.com', '9883987502', 'Address_50');
INSERT INTO Customers (Name, Email, Phone, Address) VALUES ('Customer_51', 'customer51@example.com', '9855427136', 'Address_51');
INSERT INTO Customers (Name, Email, Phone, Address) VALUES ('Customer_52', 'customer52@example.com', '9843127084', 'Address_52');
INSERT INTO Customers (Name, Email, Phone, Address) VALUES ('Customer_53', 'customer53@example.com', '9882910697', 'Address_53');
INSERT INTO Customers (Name, Email, Phone, Address) VALUES ('Customer_54', 'customer54@example.com', '9857723657', 'Address_54');
INSERT INTO Customers (Name, Email, Phone, Address) VALUES ('Customer_55', 'customer55@example.com', '9842157869', 'Address_55');
INSERT INTO Customers (Name, Email, Phone, Address) VALUES ('Customer_56', 'customer56@example.com', '9830729357', 'Address_56');
INSERT INTO Customers (Name, Email, Phone, Address) VALUES ('Customer_57', 'customer57@example.com', '9896654069', 'Address_57');
INSERT INTO Customers (Name, Email, Phone, Address) VALUES ('Customer_58', 'customer58@example.com', '9810582835', 'Address_58');
INSERT INTO Customers (Name, Email, Phone, Address) VALUES ('Customer_59', 'customer59@example.com', '9827637083', 'Address_59');
INSERT INTO Customers (Name, Email, Phone, Address) VALUES ('Customer_60', 'customer60@example.com', '9818232193', 'Address_60');
INSERT INTO Customers (Name, Email, Phone, Address) VALUES ('Customer_61', 'customer61@example.com', '9863027583', 'Address_61');
INSERT INTO Customers (Name, Email, Phone, Address) VALUES ('Customer_62', 'customer62@example.com', '9810715758', 'Address_62');
INSERT INTO Customers (Name, Email, Phone, Address) VALUES ('Customer_63', 'customer63@example.com', '9888988078', 'Address_63');
INSERT INTO Customers (Name, Email, Phone, Address) VALUES ('Customer_64', 'customer64@example.com', '9886060924', 'Address_64');
INSERT INTO Customers (Name, Email, Phone, Address) VALUES ('Customer_65', 'customer65@example.com', '9816245999', 'Address_65');
INSERT INTO Customers (Name, Email, Phone, Address) VALUES ('Customer_66', 'customer66@example.com', '9838846672', 'Address_66');
INSERT INTO Customers (Name, Email, Phone, Address) VALUES ('Customer_67', 'customer67@example.com', '9818379516', 'Address_67');
INSERT INTO Customers (Name, Email, Phone, Address) VALUES ('Customer_68', 'customer68@example.com', '9862184682', 'Address_68');
INSERT INTO Customers (Name, Email, Phone, Address) VALUES ('Customer_69', 'customer69@example.com', '9842654991', 'Address_69');
INSERT INTO Customers (Name, Email, Phone, Address) VALUES ('Customer_70', 'customer70@example.com', '9844176289', 'Address_70');
INSERT INTO Customers (Name, Email, Phone, Address) VALUES ('Customer_71', 'customer71@example.com', '9870241816', 'Address_71');
INSERT INTO Customers (Name, Email, Phone, Address) VALUES ('Customer_72', 'customer72@example.com', '9866095932', 'Address_72');
INSERT INTO Customers (Name, Email, Phone, Address) VALUES ('Customer_73', 'customer73@example.com', '9866076012', 'Address_73');
INSERT INTO Customers (Name, Email, Phone, Address) VALUES ('Customer_74', 'customer74@example.com', '9851387889', 'Address_74');
INSERT INTO Customers (Name, Email, Phone, Address) VALUES ('Customer_75', 'customer75@example.com', '9849086120', 'Address_75');
INSERT INTO Customers (Name, Email, Phone, Address) VALUES ('Customer_76', 'customer76@example.com', '9845427680', 'Address_76');
INSERT INTO Customers (Name, Email, Phone, Address) VALUES ('Customer_77', 'customer77@example.com', '9899123121', 'Address_77');
INSERT INTO Customers (Name, Email, Phone, Address) VALUES ('Customer_78', 'customer78@example.com', '9875883419', 'Address_78');
INSERT INTO Customers (Name, Email, Phone, Address) VALUES ('Customer_79', 'customer79@example.com', '9863061511', 'Address_79');
INSERT INTO Customers (Name, Email, Phone, Address) VALUES ('Customer_80', 'customer80@example.com', '9832213882', 'Address_80');
INSERT INTO Customers (Name, Email, Phone, Address) VALUES ('Customer_81', 'customer81@example.com', '9864674106', 'Address_81');
INSERT INTO Customers (Name, Email, Phone, Address) VALUES ('Customer_82', 'customer82@example.com', '9863696704', 'Address_82');
INSERT INTO Customers (Name, Email, Phone, Address) VALUES ('Customer_83', 'customer83@example.com', '9894672543', 'Address_83');
INSERT INTO Customers (Name, Email, Phone, Address) VALUES ('Customer_84', 'customer84@example.com', '9875656054', 'Address_84');
INSERT INTO Customers (Name, Email, Phone, Address) VALUES ('Customer_85', 'customer85@example.com', '9892709027', 'Address_85');
INSERT INTO Customers (Name, Email, Phone, Address) VALUES ('Customer_86', 'customer86@example.com', '9858477445', 'Address_86');
INSERT INTO Customers (Name, Email, Phone, Address) VALUES ('Customer_87', 'customer87@example.com', '9865514656', 'Address_87');
INSERT INTO Customers (Name, Email, Phone, Address) VALUES ('Customer_88', 'customer88@example.com', '9851688781', 'Address_88');
INSERT INTO Customers (Name, Email, Phone, Address) VALUES ('Customer_89', 'customer89@example.com', '9885316829', 'Address_89');
INSERT INTO Customers (Name, Email, Phone, Address) VALUES ('Customer_90', 'customer90@example.com', '9879773079', 'Address_90');
INSERT INTO Customers (Name, Email, Phone, Address) VALUES ('Customer_91', 'customer91@example.com', '9858259075', 'Address_91');
INSERT INTO Customers (Name, Email, Phone, Address) VALUES ('Customer_92', 'customer92@example.com', '9826929825', 'Address_92');
INSERT INTO Customers (Name, Email, Phone, Address) VALUES ('Customer_93', 'customer93@example.com', '9848860221', 'Address_93');
INSERT INTO Customers (Name, Email, Phone, Address) VALUES ('Customer_94', 'customer94@example.com', '9810022778', 'Address_94');
INSERT INTO Customers (Name, Email, Phone, Address) VALUES ('Customer_95', 'customer95@example.com', '9881169859', 'Address_95');
INSERT INTO Customers (Name, Email, Phone, Address) VALUES ('Customer_96', 'customer96@example.com', '9834143183', 'Address_96');
INSERT INTO Customers (Name, Email, Phone, Address) VALUES ('Customer_97', 'customer97@example.com', '9889624834', 'Address_97');
INSERT INTO Customers (Name, Email, Phone, Address) VALUES ('Customer_98', 'customer98@example.com', '9895830018', 'Address_98');
INSERT INTO Customers (Name, Email, Phone, Address) VALUES ('Customer_99', 'customer99@example.com', '9853553481', 'Address_99');
INSERT INTO Customers (Name, Email, Phone, Address) VALUES ('Customer_100', 'customer100@example.com', '9872291951', 'Address_100');

INSERT INTO Invoices (CustomerID, InvoiceDate, DueDate, TotalAmount) VALUES (18, '2023-10-28', '2023-11-24', 1051.41);
INSERT INTO Invoices (CustomerID, InvoiceDate, DueDate, TotalAmount) VALUES (47, '2023-10-09', '2023-10-21', 4205.71);
INSERT INTO Invoices (CustomerID, InvoiceDate, DueDate, TotalAmount) VALUES (80, '2023-03-09', '2023-03-31', 243.58);
INSERT INTO Invoices (CustomerID, InvoiceDate, DueDate, TotalAmount) VALUES (7, '2023-11-07', '2023-11-19', 4532.55);
INSERT INTO Invoices (CustomerID, InvoiceDate, DueDate, TotalAmount) VALUES (11, '2023-06-23', '2023-07-20', 670.78);
INSERT INTO Invoices (CustomerID, InvoiceDate, DueDate, TotalAmount) VALUES (11, '2023-12-12', '2024-01-04', 2336.33);
INSERT INTO Invoices (CustomerID, InvoiceDate, DueDate, TotalAmount) VALUES (92, '2023-09-16', '2023-10-02', 3443.07);
INSERT INTO Invoices (CustomerID, InvoiceDate, DueDate, TotalAmount) VALUES (91, '2023-02-28', '2023-03-19', 179.47);
INSERT INTO Invoices (CustomerID, InvoiceDate, DueDate, TotalAmount) VALUES (52, '2023-04-02', '2023-04-19', 1496.44);
INSERT INTO Invoices (CustomerID, InvoiceDate, DueDate, TotalAmount) VALUES (72, '2023-04-10', '2023-05-10', 3035.84);
INSERT INTO Invoices (CustomerID, InvoiceDate, DueDate, TotalAmount) VALUES (39, '2023-05-27', '2023-06-18', 3611.37);
INSERT INTO Invoices (CustomerID, InvoiceDate, DueDate, TotalAmount) VALUES (64, '2023-07-06', '2023-08-04', 4713.76);
INSERT INTO Invoices (CustomerID, InvoiceDate, DueDate, TotalAmount) VALUES (99, '2023-11-17', '2023-12-12', 3281.71);
INSERT INTO Invoices (CustomerID, InvoiceDate, DueDate, TotalAmount) VALUES (89, '2023-07-12', '2023-07-30', 3575.4);
INSERT INTO Invoices (CustomerID, InvoiceDate, DueDate, TotalAmount) VALUES (32, '2023-11-27', '2023-12-21', 4847.13);
INSERT INTO Invoices (CustomerID, InvoiceDate, DueDate, TotalAmount) VALUES (53, '2023-03-11', '2023-03-29', 689.96);
INSERT INTO Invoices (CustomerID, InvoiceDate, DueDate, TotalAmount) VALUES (70, '2023-07-04', '2023-08-03', 3510.33);
INSERT INTO Invoices (CustomerID, InvoiceDate, DueDate, TotalAmount) VALUES (17, '2023-05-18', '2023-06-17', 3438.07);
INSERT INTO Invoices (CustomerID, InvoiceDate, DueDate, TotalAmount) VALUES (90, '2023-06-17', '2023-07-17', 2596.84);
INSERT INTO Invoices (CustomerID, InvoiceDate, DueDate, TotalAmount) VALUES (82, '2023-01-25', '2023-02-19', 4368.81);
INSERT INTO Invoices (CustomerID, InvoiceDate, DueDate, TotalAmount) VALUES (90, '2023-08-23', '2023-09-11', 1247.15);
INSERT INTO Invoices (CustomerID, InvoiceDate, DueDate, TotalAmount) VALUES (78, '2023-09-17', '2023-10-11', 3886.62);
INSERT INTO Invoices (CustomerID, InvoiceDate, DueDate, TotalAmount) VALUES (88, '2023-07-18', '2023-08-03', 1249.09);
INSERT INTO Invoices (CustomerID, InvoiceDate, DueDate, TotalAmount) VALUES (88, '2023-09-11', '2023-09-22', 3452.9);
INSERT INTO Invoices (CustomerID, InvoiceDate, DueDate, TotalAmount) VALUES (91, '2023-01-07', '2023-02-04', 333.16);
INSERT INTO Invoices (CustomerID, InvoiceDate, DueDate, TotalAmount) VALUES (18, '2023-12-13', '2023-12-30', 175.3);
INSERT INTO Invoices (CustomerID, InvoiceDate, DueDate, TotalAmount) VALUES (21, '2023-12-22', '2024-01-18', 3136.15);
INSERT INTO Invoices (CustomerID, InvoiceDate, DueDate, TotalAmount) VALUES (28, '2023-04-22', '2023-05-09', 1244.76);
INSERT INTO Invoices (CustomerID, InvoiceDate, DueDate, TotalAmount) VALUES (84, '2023-01-13', '2023-02-06', 4865.99);
INSERT INTO Invoices (CustomerID, InvoiceDate, DueDate, TotalAmount) VALUES (88, '2023-10-28', '2023-11-13', 1649.92);
INSERT INTO Invoices (CustomerID, InvoiceDate, DueDate, TotalAmount) VALUES (97, '2023-08-10', '2023-09-05', 2820.5);
INSERT INTO Invoices (CustomerID, InvoiceDate, DueDate, TotalAmount) VALUES (58, '2023-05-27', '2023-06-10', 2902.32);
INSERT INTO Invoices (CustomerID, InvoiceDate, DueDate, TotalAmount) VALUES (38, '2023-09-26', '2023-10-26', 4243.45);
INSERT INTO Invoices (CustomerID, InvoiceDate, DueDate, TotalAmount) VALUES (78, '2023-10-05', '2023-10-23', 4011.69);
INSERT INTO Invoices (CustomerID, InvoiceDate, DueDate, TotalAmount) VALUES (66, '2023-08-24', '2023-09-07', 3188.01);
INSERT INTO Invoices (CustomerID, InvoiceDate, DueDate, TotalAmount) VALUES (40, '2023-08-14', '2023-09-04', 2063.19);
INSERT INTO Invoices (CustomerID, InvoiceDate, DueDate, TotalAmount) VALUES (37, '2023-05-10', '2023-05-21', 726.18);
INSERT INTO Invoices (CustomerID, InvoiceDate, DueDate, TotalAmount) VALUES (100, '2023-03-07', '2023-03-19', 1621.58);
INSERT INTO Invoices (CustomerID, InvoiceDate, DueDate, TotalAmount) VALUES (20, '2023-05-05', '2023-06-02', 1893.24);
INSERT INTO Invoices (CustomerID, InvoiceDate, DueDate, TotalAmount) VALUES (91, '2023-07-10', '2023-08-02', 1353.03);
INSERT INTO Invoices (CustomerID, InvoiceDate, DueDate, TotalAmount) VALUES (80, '2023-02-20', '2023-03-20', 4280.06);
INSERT INTO Invoices (CustomerID, InvoiceDate, DueDate, TotalAmount) VALUES (90, '2023-03-21', '2023-04-07', 904.57);
INSERT INTO Invoices (CustomerID, InvoiceDate, DueDate, TotalAmount) VALUES (14, '2023-02-19', '2023-03-13', 2409.58);
INSERT INTO Invoices (CustomerID, InvoiceDate, DueDate, TotalAmount) VALUES (100, '2023-02-25', '2023-03-18', 2576.1);
INSERT INTO Invoices (CustomerID, InvoiceDate, DueDate, TotalAmount) VALUES (67, '2023-12-03', '2023-12-20', 233.13);
INSERT INTO Invoices (CustomerID, InvoiceDate, DueDate, TotalAmount) VALUES (45, '2023-10-28', '2023-11-22', 4232.94);
INSERT INTO Invoices (CustomerID, InvoiceDate, DueDate, TotalAmount) VALUES (73, '2023-04-25', '2023-05-09', 1832.2);
INSERT INTO Invoices (CustomerID, InvoiceDate, DueDate, TotalAmount) VALUES (49, '2023-06-12', '2023-07-02', 737.25);
INSERT INTO Invoices (CustomerID, InvoiceDate, DueDate, TotalAmount) VALUES (67, '2023-09-01', '2023-09-24', 2250.02);
INSERT INTO Invoices (CustomerID, InvoiceDate, DueDate, TotalAmount) VALUES (29, '2023-05-10', '2023-06-06', 2958.14);
INSERT INTO Invoices (CustomerID, InvoiceDate, DueDate, TotalAmount) VALUES (21, '2023-03-06', '2023-04-03', 4015.26);
INSERT INTO Invoices (CustomerID, InvoiceDate, DueDate, TotalAmount) VALUES (76, '2023-03-22', '2023-04-14', 2450.43);
INSERT INTO Invoices (CustomerID, InvoiceDate, DueDate, TotalAmount) VALUES (49, '2023-08-09', '2023-08-26', 4910.31);
INSERT INTO Invoices (CustomerID, InvoiceDate, DueDate, TotalAmount) VALUES (43, '2023-08-12', '2023-09-03', 2004.25);
INSERT INTO Invoices (CustomerID, InvoiceDate, DueDate, TotalAmount) VALUES (67, '2023-11-12', '2023-12-02', 4326.04);
INSERT INTO Invoices (CustomerID, InvoiceDate, DueDate, TotalAmount) VALUES (37, '2023-11-27', '2023-12-15', 101.68);
INSERT INTO Invoices (CustomerID, InvoiceDate, DueDate, TotalAmount) VALUES (92, '2023-01-23', '2023-02-05', 1045.86);
INSERT INTO Invoices (CustomerID, InvoiceDate, DueDate, TotalAmount) VALUES (26, '2023-03-13', '2023-03-23', 4752.9);
INSERT INTO Invoices (CustomerID, InvoiceDate, DueDate, TotalAmount) VALUES (1, '2023-12-12', '2024-01-07', 1655.93);
INSERT INTO Invoices (CustomerID, InvoiceDate, DueDate, TotalAmount) VALUES (90, '2023-09-26', '2023-10-18', 4079.11);
INSERT INTO Invoices (CustomerID, InvoiceDate, DueDate, TotalAmount) VALUES (70, '2023-12-17', '2024-01-12', 271.97);
INSERT INTO Invoices (CustomerID, InvoiceDate, DueDate, TotalAmount) VALUES (48, '2023-04-17', '2023-05-01', 554.56);
INSERT INTO Invoices (CustomerID, InvoiceDate, DueDate, TotalAmount) VALUES (96, '2023-01-26', '2023-02-07', 592.25);
INSERT INTO Invoices (CustomerID, InvoiceDate, DueDate, TotalAmount) VALUES (54, '2023-10-09', '2023-10-26', 4511.54);
INSERT INTO Invoices (CustomerID, InvoiceDate, DueDate, TotalAmount) VALUES (5, '2023-07-19', '2023-08-17', 719.3);
INSERT INTO Invoices (CustomerID, InvoiceDate, DueDate, TotalAmount) VALUES (28, '2023-07-13', '2023-08-02', 1838.95);
INSERT INTO Invoices (CustomerID, InvoiceDate, DueDate, TotalAmount) VALUES (94, '2023-06-25', '2023-07-20', 580.93);
INSERT INTO Invoices (CustomerID, InvoiceDate, DueDate, TotalAmount) VALUES (71, '2023-02-26', '2023-03-10', 4376.75);
INSERT INTO Invoices (CustomerID, InvoiceDate, DueDate, TotalAmount) VALUES (49, '2023-02-07', '2023-02-21', 4901.89);
INSERT INTO Invoices (CustomerID, InvoiceDate, DueDate, TotalAmount) VALUES (76, '2023-11-16', '2023-11-29', 2678.11);
INSERT INTO Invoices (CustomerID, InvoiceDate, DueDate, TotalAmount) VALUES (36, '2023-02-28', '2023-03-19', 2091.77);
INSERT INTO Invoices (CustomerID, InvoiceDate, DueDate, TotalAmount) VALUES (23, '2023-02-18', '2023-03-15', 823.72);
INSERT INTO Invoices (CustomerID, InvoiceDate, DueDate, TotalAmount) VALUES (71, '2023-11-11', '2023-12-06', 3252.97);
INSERT INTO Invoices (CustomerID, InvoiceDate, DueDate, TotalAmount) VALUES (14, '2023-01-27', '2023-02-20', 4354.74);
INSERT INTO Invoices (CustomerID, InvoiceDate, DueDate, TotalAmount) VALUES (99, '2023-02-08', '2023-02-26', 4706.46);
INSERT INTO Invoices (CustomerID, InvoiceDate, DueDate, TotalAmount) VALUES (61, '2023-04-26', '2023-05-10', 3483.86);
INSERT INTO Invoices (CustomerID, InvoiceDate, DueDate, TotalAmount) VALUES (70, '2023-10-10', '2023-10-24', 927.12);
INSERT INTO Invoices (CustomerID, InvoiceDate, DueDate, TotalAmount) VALUES (15, '2023-06-27', '2023-07-15', 1214.29);
INSERT INTO Invoices (CustomerID, InvoiceDate, DueDate, TotalAmount) VALUES (54, '2023-02-26', '2023-03-25', 1671.95);
INSERT INTO Invoices (CustomerID, InvoiceDate, DueDate, TotalAmount) VALUES (95, '2023-01-08', '2023-01-29', 3918.02);
INSERT INTO Invoices (CustomerID, InvoiceDate, DueDate, TotalAmount) VALUES (27, '2023-11-26', '2023-12-19', 2686.01);
INSERT INTO Invoices (CustomerID, InvoiceDate, DueDate, TotalAmount) VALUES (57, '2023-01-02', '2023-01-29', 995.68);
INSERT INTO Invoices (CustomerID, InvoiceDate, DueDate, TotalAmount) VALUES (83, '2023-12-01', '2023-12-21', 1248.52);
INSERT INTO Invoices (CustomerID, InvoiceDate, DueDate, TotalAmount) VALUES (40, '2023-08-18', '2023-09-17', 4930.13);
INSERT INTO Invoices (CustomerID, InvoiceDate, DueDate, TotalAmount) VALUES (55, '2023-06-17', '2023-06-27', 1528.0);
INSERT INTO Invoices (CustomerID, InvoiceDate, DueDate, TotalAmount) VALUES (93, '2023-10-27', '2023-11-09', 3822.36);
INSERT INTO Invoices (CustomerID, InvoiceDate, DueDate, TotalAmount) VALUES (42, '2023-08-21', '2023-09-13', 3856.53);
INSERT INTO Invoices (CustomerID, InvoiceDate, DueDate, TotalAmount) VALUES (31, '2023-10-14', '2023-11-06', 3208.19);
INSERT INTO Invoices (CustomerID, InvoiceDate, DueDate, TotalAmount) VALUES (94, '2023-09-15', '2023-10-05', 4199.92);
INSERT INTO Invoices (CustomerID, InvoiceDate, DueDate, TotalAmount) VALUES (40, '2023-05-12', '2023-06-03', 3162.08);
INSERT INTO Invoices (CustomerID, InvoiceDate, DueDate, TotalAmount) VALUES (71, '2023-11-24', '2023-12-09', 689.52);
INSERT INTO Invoices (CustomerID, InvoiceDate, DueDate, TotalAmount) VALUES (48, '2023-08-12', '2023-09-08', 2658.95);
INSERT INTO Invoices (CustomerID, InvoiceDate, DueDate, TotalAmount) VALUES (92, '2023-11-20', '2023-12-17', 2167.68);
INSERT INTO Invoices (CustomerID, InvoiceDate, DueDate, TotalAmount) VALUES (43, '2023-07-06', '2023-08-01', 524.96);
INSERT INTO Invoices (CustomerID, InvoiceDate, DueDate, TotalAmount) VALUES (38, '2023-09-14', '2023-10-01', 2084.41);
INSERT INTO Invoices (CustomerID, InvoiceDate, DueDate, TotalAmount) VALUES (18, '2023-06-17', '2023-07-03', 1737.76);
INSERT INTO Invoices (CustomerID, InvoiceDate, DueDate, TotalAmount) VALUES (91, '2023-04-05', '2023-05-05', 4725.26);
INSERT INTO Invoices (CustomerID, InvoiceDate, DueDate, TotalAmount) VALUES (38, '2023-02-07', '2023-02-26', 4861.43);
INSERT INTO Invoices (CustomerID, InvoiceDate, DueDate, TotalAmount) VALUES (41, '2023-08-27', '2023-09-15', 2358.69);
INSERT INTO Invoices (CustomerID, InvoiceDate, DueDate, TotalAmount) VALUES (2, '2023-12-25', '2024-01-19', 519.74);

INSERT INTO ShippingDetails (InvoiceID, Address, ShippingDate, EstimatedArrival) VALUES (1, 'Shipping_Address_1', '2023-09-06', '2023-09-08');
INSERT INTO ShippingDetails (InvoiceID, Address, ShippingDate, EstimatedArrival) VALUES (2, 'Shipping_Address_2', '2023-07-12', '2023-07-22');
INSERT INTO ShippingDetails (InvoiceID, Address, ShippingDate, EstimatedArrival) VALUES (3, 'Shipping_Address_3', '2023-12-27', '2024-01-01');
INSERT INTO ShippingDetails (InvoiceID, Address, ShippingDate, EstimatedArrival) VALUES (4, 'Shipping_Address_4', '2023-05-17', '2023-05-27');
INSERT INTO ShippingDetails (InvoiceID, Address, ShippingDate, EstimatedArrival) VALUES (5, 'Shipping_Address_5', '2023-06-26', '2023-07-06');
INSERT INTO ShippingDetails (InvoiceID, Address, ShippingDate, EstimatedArrival) VALUES (6, 'Shipping_Address_6', '2023-03-01', '2023-03-08');
INSERT INTO ShippingDetails (InvoiceID, Address, ShippingDate, EstimatedArrival) VALUES (7, 'Shipping_Address_7', '2023-07-02', '2023-07-10');
INSERT INTO ShippingDetails (InvoiceID, Address, ShippingDate, EstimatedArrival) VALUES (8, 'Shipping_Address_8', '2023-07-11', '2023-07-16');
INSERT INTO ShippingDetails (InvoiceID, Address, ShippingDate, EstimatedArrival) VALUES (9, 'Shipping_Address_9', '2023-06-08', '2023-06-13');
INSERT INTO ShippingDetails (InvoiceID, Address, ShippingDate, EstimatedArrival) VALUES (10, 'Shipping_Address_10', '2023-05-26', '2023-06-04');
INSERT INTO ShippingDetails (InvoiceID, Address, ShippingDate, EstimatedArrival) VALUES (11, 'Shipping_Address_11', '2023-11-09', '2023-11-18');
INSERT INTO ShippingDetails (InvoiceID, Address, ShippingDate, EstimatedArrival) VALUES (12, 'Shipping_Address_12', '2023-01-19', '2023-01-28');
INSERT INTO ShippingDetails (InvoiceID, Address, ShippingDate, EstimatedArrival) VALUES (13, 'Shipping_Address_13', '2023-11-22', '2023-11-24');
INSERT INTO ShippingDetails (InvoiceID, Address, ShippingDate, EstimatedArrival) VALUES (14, 'Shipping_Address_14', '2023-11-17', '2023-11-25');
INSERT INTO ShippingDetails (InvoiceID, Address, ShippingDate, EstimatedArrival) VALUES (15, 'Shipping_Address_15', '2023-08-02', '2023-08-06');
INSERT INTO ShippingDetails (InvoiceID, Address, ShippingDate, EstimatedArrival) VALUES (16, 'Shipping_Address_16', '2023-07-09', '2023-07-19');
INSERT INTO ShippingDetails (InvoiceID, Address, ShippingDate, EstimatedArrival) VALUES (17, 'Shipping_Address_17', '2023-02-14', '2023-02-17');
INSERT INTO ShippingDetails (InvoiceID, Address, ShippingDate, EstimatedArrival) VALUES (18, 'Shipping_Address_18', '2023-08-28', '2023-08-31');
INSERT INTO ShippingDetails (InvoiceID, Address, ShippingDate, EstimatedArrival) VALUES (19, 'Shipping_Address_19', '2023-06-19', '2023-06-24');
INSERT INTO ShippingDetails (InvoiceID, Address, ShippingDate, EstimatedArrival) VALUES (20, 'Shipping_Address_20', '2023-09-15', '2023-09-19');
INSERT INTO ShippingDetails (InvoiceID, Address, ShippingDate, EstimatedArrival) VALUES (21, 'Shipping_Address_21', '2023-09-12', '2023-09-19');
INSERT INTO ShippingDetails (InvoiceID, Address, ShippingDate, EstimatedArrival) VALUES (22, 'Shipping_Address_22', '2023-12-20', '2023-12-25');
INSERT INTO ShippingDetails (InvoiceID, Address, ShippingDate, EstimatedArrival) VALUES (23, 'Shipping_Address_23', '2023-02-13', '2023-02-15');
INSERT INTO ShippingDetails (InvoiceID, Address, ShippingDate, EstimatedArrival) VALUES (24, 'Shipping_Address_24', '2023-03-01', '2023-03-06');
INSERT INTO ShippingDetails (InvoiceID, Address, ShippingDate, EstimatedArrival) VALUES (25, 'Shipping_Address_25', '2023-08-04', '2023-08-10');
INSERT INTO ShippingDetails (InvoiceID, Address, ShippingDate, EstimatedArrival) VALUES (26, 'Shipping_Address_26', '2023-11-20', '2023-11-25');
INSERT INTO ShippingDetails (InvoiceID, Address, ShippingDate, EstimatedArrival) VALUES (27, 'Shipping_Address_27', '2023-04-25', '2023-04-30');
INSERT INTO ShippingDetails (InvoiceID, Address, ShippingDate, EstimatedArrival) VALUES (28, 'Shipping_Address_28', '2023-01-21', '2023-01-23');
INSERT INTO ShippingDetails (InvoiceID, Address, ShippingDate, EstimatedArrival) VALUES (29, 'Shipping_Address_29', '2023-04-08', '2023-04-11');
INSERT INTO ShippingDetails (InvoiceID, Address, ShippingDate, EstimatedArrival) VALUES (30, 'Shipping_Address_30', '2023-07-25', '2023-07-27');
INSERT INTO ShippingDetails (InvoiceID, Address, ShippingDate, EstimatedArrival) VALUES (31, 'Shipping_Address_31', '2023-01-08', '2023-01-15');
INSERT INTO ShippingDetails (InvoiceID, Address, ShippingDate, EstimatedArrival) VALUES (32, 'Shipping_Address_32', '2023-02-03', '2023-02-08');
INSERT INTO ShippingDetails (InvoiceID, Address, ShippingDate, EstimatedArrival) VALUES (33, 'Shipping_Address_33', '2023-12-06', '2023-12-14');
INSERT INTO ShippingDetails (InvoiceID, Address, ShippingDate, EstimatedArrival) VALUES (34, 'Shipping_Address_34', '2023-05-03', '2023-05-09');
INSERT INTO ShippingDetails (InvoiceID, Address, ShippingDate, EstimatedArrival) VALUES (35, 'Shipping_Address_35', '2023-10-11', '2023-10-16');
INSERT INTO ShippingDetails (InvoiceID, Address, ShippingDate, EstimatedArrival) VALUES (36, 'Shipping_Address_36', '2023-05-21', '2023-05-30');
INSERT INTO ShippingDetails (InvoiceID, Address, ShippingDate, EstimatedArrival) VALUES (37, 'Shipping_Address_37', '2023-06-16', '2023-06-25');
INSERT INTO ShippingDetails (InvoiceID, Address, ShippingDate, EstimatedArrival) VALUES (38, 'Shipping_Address_38', '2023-11-08', '2023-11-15');
INSERT INTO ShippingDetails (InvoiceID, Address, ShippingDate, EstimatedArrival) VALUES (39, 'Shipping_Address_39', '2023-07-17', '2023-07-22');
INSERT INTO ShippingDetails (InvoiceID, Address, ShippingDate, EstimatedArrival) VALUES (40, 'Shipping_Address_40', '2023-03-18', '2023-03-25');
INSERT INTO ShippingDetails (InvoiceID, Address, ShippingDate, EstimatedArrival) VALUES (41, 'Shipping_Address_41', '2023-11-04', '2023-11-07');
INSERT INTO ShippingDetails (InvoiceID, Address, ShippingDate, EstimatedArrival) VALUES (42, 'Shipping_Address_42', '2023-09-11', '2023-09-21');
INSERT INTO ShippingDetails (InvoiceID, Address, ShippingDate, EstimatedArrival) VALUES (43, 'Shipping_Address_43', '2023-03-13', '2023-03-15');
INSERT INTO ShippingDetails (InvoiceID, Address, ShippingDate, EstimatedArrival) VALUES (44, 'Shipping_Address_44', '2023-09-02', '2023-09-06');
INSERT INTO ShippingDetails (InvoiceID, Address, ShippingDate, EstimatedArrival) VALUES (45, 'Shipping_Address_45', '2023-09-23', '2023-09-27');
INSERT INTO ShippingDetails (InvoiceID, Address, ShippingDate, EstimatedArrival) VALUES (46, 'Shipping_Address_46', '2023-01-08', '2023-01-11');
INSERT INTO ShippingDetails (InvoiceID, Address, ShippingDate, EstimatedArrival) VALUES (47, 'Shipping_Address_47', '2023-06-08', '2023-06-13');
INSERT INTO ShippingDetails (InvoiceID, Address, ShippingDate, EstimatedArrival) VALUES (48, 'Shipping_Address_48', '2023-03-23', '2023-03-28');
INSERT INTO ShippingDetails (InvoiceID, Address, ShippingDate, EstimatedArrival) VALUES (49, 'Shipping_Address_49', '2023-04-01', '2023-04-05');
INSERT INTO ShippingDetails (InvoiceID, Address, ShippingDate, EstimatedArrival) VALUES (50, 'Shipping_Address_50', '2023-10-18', '2023-10-25');
INSERT INTO ShippingDetails (InvoiceID, Address, ShippingDate, EstimatedArrival) VALUES (51, 'Shipping_Address_51', '2023-09-23', '2023-10-02');
INSERT INTO ShippingDetails (InvoiceID, Address, ShippingDate, EstimatedArrival) VALUES (52, 'Shipping_Address_52', '2023-08-08', '2023-08-16');
INSERT INTO ShippingDetails (InvoiceID, Address, ShippingDate, EstimatedArrival) VALUES (53, 'Shipping_Address_53', '2023-04-06', '2023-04-13');
INSERT INTO ShippingDetails (InvoiceID, Address, ShippingDate, EstimatedArrival) VALUES (54, 'Shipping_Address_54', '2023-06-16', '2023-06-23');
INSERT INTO ShippingDetails (InvoiceID, Address, ShippingDate, EstimatedArrival) VALUES (55, 'Shipping_Address_55', '2023-07-22', '2023-07-29');
INSERT INTO ShippingDetails (InvoiceID, Address, ShippingDate, EstimatedArrival) VALUES (56, 'Shipping_Address_56', '2023-06-19', '2023-06-22');
INSERT INTO ShippingDetails (InvoiceID, Address, ShippingDate, EstimatedArrival) VALUES (57, 'Shipping_Address_57', '2023-05-25', '2023-05-29');
INSERT INTO ShippingDetails (InvoiceID, Address, ShippingDate, EstimatedArrival) VALUES (58, 'Shipping_Address_58', '2023-07-04', '2023-07-07');
INSERT INTO ShippingDetails (InvoiceID, Address, ShippingDate, EstimatedArrival) VALUES (59, 'Shipping_Address_59', '2023-03-11', '2023-03-17');
INSERT INTO ShippingDetails (InvoiceID, Address, ShippingDate, EstimatedArrival) VALUES (60, 'Shipping_Address_60', '2023-09-04', '2023-09-11');
INSERT INTO ShippingDetails (InvoiceID, Address, ShippingDate, EstimatedArrival) VALUES (61, 'Shipping_Address_61', '2023-08-05', '2023-08-10');
INSERT INTO ShippingDetails (InvoiceID, Address, ShippingDate, EstimatedArrival) VALUES (62, 'Shipping_Address_62', '2023-01-12', '2023-01-20');
INSERT INTO ShippingDetails (InvoiceID, Address, ShippingDate, EstimatedArrival) VALUES (63, 'Shipping_Address_63', '2023-12-03', '2023-12-10');
INSERT INTO ShippingDetails (InvoiceID, Address, ShippingDate, EstimatedArrival) VALUES (64, 'Shipping_Address_64', '2023-06-21', '2023-06-24');
INSERT INTO ShippingDetails (InvoiceID, Address, ShippingDate, EstimatedArrival) VALUES (65, 'Shipping_Address_65', '2023-11-08', '2023-11-13');
INSERT INTO ShippingDetails (InvoiceID, Address, ShippingDate, EstimatedArrival) VALUES (66, 'Shipping_Address_66', '2023-04-05', '2023-04-13');
INSERT INTO ShippingDetails (InvoiceID, Address, ShippingDate, EstimatedArrival) VALUES (67, 'Shipping_Address_67', '2023-05-14', '2023-05-20');
INSERT INTO ShippingDetails (InvoiceID, Address, ShippingDate, EstimatedArrival) VALUES (68, 'Shipping_Address_68', '2023-09-12', '2023-09-14');
INSERT INTO ShippingDetails (InvoiceID, Address, ShippingDate, EstimatedArrival) VALUES (69, 'Shipping_Address_69', '2023-11-06', '2023-11-16');
INSERT INTO ShippingDetails (InvoiceID, Address, ShippingDate, EstimatedArrival) VALUES (70, 'Shipping_Address_70', '2023-10-07', '2023-10-11');
INSERT INTO ShippingDetails (InvoiceID, Address, ShippingDate, EstimatedArrival) VALUES (71, 'Shipping_Address_71', '2023-05-21', '2023-05-24');
INSERT INTO ShippingDetails (InvoiceID, Address, ShippingDate, EstimatedArrival) VALUES (72, 'Shipping_Address_72', '2023-07-17', '2023-07-22');
INSERT INTO ShippingDetails (InvoiceID, Address, ShippingDate, EstimatedArrival) VALUES (73, 'Shipping_Address_73', '2023-09-14', '2023-09-16');
INSERT INTO ShippingDetails (InvoiceID, Address, ShippingDate, EstimatedArrival) VALUES (74, 'Shipping_Address_74', '2023-07-14', '2023-07-18');
INSERT INTO ShippingDetails (InvoiceID, Address, ShippingDate, EstimatedArrival) VALUES (75, 'Shipping_Address_75', '2023-12-08', '2023-12-10');
INSERT INTO ShippingDetails (InvoiceID, Address, ShippingDate, EstimatedArrival) VALUES (76, 'Shipping_Address_76', '2023-03-04', '2023-03-08');
INSERT INTO ShippingDetails (InvoiceID, Address, ShippingDate, EstimatedArrival) VALUES (77, 'Shipping_Address_77', '2023-10-12', '2023-10-17');
INSERT INTO ShippingDetails (InvoiceID, Address, ShippingDate, EstimatedArrival) VALUES (78, 'Shipping_Address_78', '2023-08-01', '2023-08-05');
INSERT INTO ShippingDetails (InvoiceID, Address, ShippingDate, EstimatedArrival) VALUES (79, 'Shipping_Address_79', '2023-04-28', '2023-05-04');
INSERT INTO ShippingDetails (InvoiceID, Address, ShippingDate, EstimatedArrival) VALUES (80, 'Shipping_Address_80', '2023-10-21', '2023-10-30');
INSERT INTO ShippingDetails (InvoiceID, Address, ShippingDate, EstimatedArrival) VALUES (81, 'Shipping_Address_81', '2023-08-27', '2023-09-04');
INSERT INTO ShippingDetails (InvoiceID, Address, ShippingDate, EstimatedArrival) VALUES (82, 'Shipping_Address_82', '2023-07-16', '2023-07-19');
INSERT INTO ShippingDetails (InvoiceID, Address, ShippingDate, EstimatedArrival) VALUES (83, 'Shipping_Address_83', '2023-09-11', '2023-09-18');
INSERT INTO ShippingDetails (InvoiceID, Address, ShippingDate, EstimatedArrival) VALUES (84, 'Shipping_Address_84', '2023-07-25', '2023-07-29');
INSERT INTO ShippingDetails (InvoiceID, Address, ShippingDate, EstimatedArrival) VALUES (85, 'Shipping_Address_85', '2023-08-16', '2023-08-23');
INSERT INTO ShippingDetails (InvoiceID, Address, ShippingDate, EstimatedArrival) VALUES (86, 'Shipping_Address_86', '2023-10-18', '2023-10-21');
INSERT INTO ShippingDetails (InvoiceID, Address, ShippingDate, EstimatedArrival) VALUES (87, 'Shipping_Address_87', '2023-05-25', '2023-06-01');
INSERT INTO ShippingDetails (InvoiceID, Address, ShippingDate, EstimatedArrival) VALUES (88, 'Shipping_Address_88', '2023-06-25', '2023-06-30');
INSERT INTO ShippingDetails (InvoiceID, Address, ShippingDate, EstimatedArrival) VALUES (89, 'Shipping_Address_89', '2023-05-24', '2023-06-01');
INSERT INTO ShippingDetails (InvoiceID, Address, ShippingDate, EstimatedArrival) VALUES (90, 'Shipping_Address_90', '2023-11-03', '2023-11-13');
INSERT INTO ShippingDetails (InvoiceID, Address, ShippingDate, EstimatedArrival) VALUES (91, 'Shipping_Address_91', '2023-04-19', '2023-04-26');
INSERT INTO ShippingDetails (InvoiceID, Address, ShippingDate, EstimatedArrival) VALUES (92, 'Shipping_Address_92', '2023-05-09', '2023-05-16');
INSERT INTO ShippingDetails (InvoiceID, Address, ShippingDate, EstimatedArrival) VALUES (93, 'Shipping_Address_93', '2023-06-08', '2023-06-17');
INSERT INTO ShippingDetails (InvoiceID, Address, ShippingDate, EstimatedArrival) VALUES (94, 'Shipping_Address_94', '2023-04-19', '2023-04-27');
INSERT INTO ShippingDetails (InvoiceID, Address, ShippingDate, EstimatedArrival) VALUES (95, 'Shipping_Address_95', '2023-06-12', '2023-06-16');
INSERT INTO ShippingDetails (InvoiceID, Address, ShippingDate, EstimatedArrival) VALUES (96, 'Shipping_Address_96', '2023-08-13', '2023-08-23');
INSERT INTO ShippingDetails (InvoiceID, Address, ShippingDate, EstimatedArrival) VALUES (97, 'Shipping_Address_97', '2023-03-19', '2023-03-27');
INSERT INTO ShippingDetails (InvoiceID, Address, ShippingDate, EstimatedArrival) VALUES (98, 'Shipping_Address_98', '2023-05-22', '2023-05-28');
INSERT INTO ShippingDetails (InvoiceID, Address, ShippingDate, EstimatedArrival) VALUES (99, 'Shipping_Address_99', '2023-08-26', '2023-08-28');
INSERT INTO ShippingDetails (InvoiceID, Address, ShippingDate, EstimatedArrival) VALUES (100, 'Shipping_Address_100', '2023-11-21', '2023-11-30');

INSERT INTO Products (ProductName, Description, Price) VALUES ('Product_1', 'Description of Product_1', 664.82);
INSERT INTO Products (ProductName, Description, Price) VALUES ('Product_2', 'Description of Product_2', 907.64);
INSERT INTO Products (ProductName, Description, Price) VALUES ('Product_3', 'Description of Product_3', 773.58);
INSERT INTO Products (ProductName, Description, Price) VALUES ('Product_4', 'Description of Product_4', 260.77);
INSERT INTO Products (ProductName, Description, Price) VALUES ('Product_5', 'Description of Product_5', 569.67);
INSERT INTO Products (ProductName, Description, Price) VALUES ('Product_6', 'Description of Product_6', 273.47);
INSERT INTO Products (ProductName, Description, Price) VALUES ('Product_7', 'Description of Product_7', 763.4);
INSERT INTO Products (ProductName, Description, Price) VALUES ('Product_8', 'Description of Product_8', 453.85);
INSERT INTO Products (ProductName, Description, Price) VALUES ('Product_9', 'Description of Product_9', 529.39);
INSERT INTO Products (ProductName, Description, Price) VALUES ('Product_10', 'Description of Product_10', 420.04);
INSERT INTO Products (ProductName, Description, Price) VALUES ('Product_11', 'Description of Product_11', 776.86);
INSERT INTO Products (ProductName, Description, Price) VALUES ('Product_12', 'Description of Product_12', 415.31);
INSERT INTO Products (ProductName, Description, Price) VALUES ('Product_13', 'Description of Product_13', 689.44);
INSERT INTO Products (ProductName, Description, Price) VALUES ('Product_14', 'Description of Product_14', 965.79);
INSERT INTO Products (ProductName, Description, Price) VALUES ('Product_15', 'Description of Product_15', 198.19);
INSERT INTO Products (ProductName, Description, Price) VALUES ('Product_16', 'Description of Product_16', 660.44);
INSERT INTO Products (ProductName, Description, Price) VALUES ('Product_17', 'Description of Product_17', 374.12);
INSERT INTO Products (ProductName, Description, Price) VALUES ('Product_18', 'Description of Product_18', 988.47);
INSERT INTO Products (ProductName, Description, Price) VALUES ('Product_19', 'Description of Product_19', 632.38);
INSERT INTO Products (ProductName, Description, Price) VALUES ('Product_20', 'Description of Product_20', 867.0);
INSERT INTO Products (ProductName, Description, Price) VALUES ('Product_21', 'Description of Product_21', 286.81);
INSERT INTO Products (ProductName, Description, Price) VALUES ('Product_22', 'Description of Product_22', 656.19);
INSERT INTO Products (ProductName, Description, Price) VALUES ('Product_23', 'Description of Product_23', 773.22);
INSERT INTO Products (ProductName, Description, Price) VALUES ('Product_24', 'Description of Product_24', 372.39);
INSERT INTO Products (ProductName, Description, Price) VALUES ('Product_25', 'Description of Product_25', 126.32);
INSERT INTO Products (ProductName, Description, Price) VALUES ('Product_26', 'Description of Product_26', 854.06);
INSERT INTO Products (ProductName, Description, Price) VALUES ('Product_27', 'Description of Product_27', 632.44);
INSERT INTO Products (ProductName, Description, Price) VALUES ('Product_28', 'Description of Product_28', 462.25);
INSERT INTO Products (ProductName, Description, Price) VALUES ('Product_29', 'Description of Product_29', 179.63);
INSERT INTO Products (ProductName, Description, Price) VALUES ('Product_30', 'Description of Product_30', 565.38);
INSERT INTO Products (ProductName, Description, Price) VALUES ('Product_31', 'Description of Product_31', 89.15);
INSERT INTO Products (ProductName, Description, Price) VALUES ('Product_32', 'Description of Product_32', 861.99);
INSERT INTO Products (ProductName, Description, Price) VALUES ('Product_33', 'Description of Product_33', 118.3);
INSERT INTO Products (ProductName, Description, Price) VALUES ('Product_34', 'Description of Product_34', 169.53);
INSERT INTO Products (ProductName, Description, Price) VALUES ('Product_35', 'Description of Product_35', 665.88);
INSERT INTO Products (ProductName, Description, Price) VALUES ('Product_36', 'Description of Product_36', 84.96);
INSERT INTO Products (ProductName, Description, Price) VALUES ('Product_37', 'Description of Product_37', 337.89);
INSERT INTO Products (ProductName, Description, Price) VALUES ('Product_38', 'Description of Product_38', 257.79);
INSERT INTO Products (ProductName, Description, Price) VALUES ('Product_39', 'Description of Product_39', 620.91);
INSERT INTO Products (ProductName, Description, Price) VALUES ('Product_40', 'Description of Product_40', 953.52);
INSERT INTO Products (ProductName, Description, Price) VALUES ('Product_41', 'Description of Product_41', 490.68);
INSERT INTO Products (ProductName, Description, Price) VALUES ('Product_42', 'Description of Product_42', 381.83);
INSERT INTO Products (ProductName, Description, Price) VALUES ('Product_43', 'Description of Product_43', 234.57);
INSERT INTO Products (ProductName, Description, Price) VALUES ('Product_44', 'Description of Product_44', 476.52);
INSERT INTO Products (ProductName, Description, Price) VALUES ('Product_45', 'Description of Product_45', 879.4);
INSERT INTO Products (ProductName, Description, Price) VALUES ('Product_46', 'Description of Product_46', 673.57);
INSERT INTO Products (ProductName, Description, Price) VALUES ('Product_47', 'Description of Product_47', 254.36);
INSERT INTO Products (ProductName, Description, Price) VALUES ('Product_48', 'Description of Product_48', 327.43);
INSERT INTO Products (ProductName, Description, Price) VALUES ('Product_49', 'Description of Product_49', 295.9);
INSERT INTO Products (ProductName, Description, Price) VALUES ('Product_50', 'Description of Product_50', 726.37);
INSERT INTO Products (ProductName, Description, Price) VALUES ('Product_51', 'Description of Product_51', 981.02);
INSERT INTO Products (ProductName, Description, Price) VALUES ('Product_52', 'Description of Product_52', 223.98);
INSERT INTO Products (ProductName, Description, Price) VALUES ('Product_53', 'Description of Product_53', 974.27);
INSERT INTO Products (ProductName, Description, Price) VALUES ('Product_54', 'Description of Product_54', 719.63);
INSERT INTO Products (ProductName, Description, Price) VALUES ('Product_55', 'Description of Product_55', 123.38);
INSERT INTO Products (ProductName, Description, Price) VALUES ('Product_56', 'Description of Product_56', 309.65);
INSERT INTO Products (ProductName, Description, Price) VALUES ('Product_57', 'Description of Product_57', 629.92);
INSERT INTO Products (ProductName, Description, Price) VALUES ('Product_58', 'Description of Product_58', 971.8);
INSERT INTO Products (ProductName, Description, Price) VALUES ('Product_59', 'Description of Product_59', 116.51);
INSERT INTO Products (ProductName, Description, Price) VALUES ('Product_60', 'Description of Product_60', 811.24);
INSERT INTO Products (ProductName, Description, Price) VALUES ('Product_61', 'Description of Product_61', 712.49);
INSERT INTO Products (ProductName, Description, Price) VALUES ('Product_62', 'Description of Product_62', 349.48);
INSERT INTO Products (ProductName, Description, Price) VALUES ('Product_63', 'Description of Product_63', 620.61);
INSERT INTO Products (ProductName, Description, Price) VALUES ('Product_64', 'Description of Product_64', 644.95);
INSERT INTO Products (ProductName, Description, Price) VALUES ('Product_65', 'Description of Product_65', 892.16);
INSERT INTO Products (ProductName, Description, Price) VALUES ('Product_66', 'Description of Product_66', 285.93);
INSERT INTO Products (ProductName, Description, Price) VALUES ('Product_67', 'Description of Product_67', 385.99);
INSERT INTO Products (ProductName, Description, Price) VALUES ('Product_68', 'Description of Product_68', 828.47);
INSERT INTO Products (ProductName, Description, Price) VALUES ('Product_69', 'Description of Product_69', 444.11);
INSERT INTO Products (ProductName, Description, Price) VALUES ('Product_70', 'Description of Product_70', 98.48);
INSERT INTO Products (ProductName, Description, Price) VALUES ('Product_71', 'Description of Product_71', 374.28);
INSERT INTO Products (ProductName, Description, Price) VALUES ('Product_72', 'Description of Product_72', 910.25);
INSERT INTO Products (ProductName, Description, Price) VALUES ('Product_73', 'Description of Product_73', 472.23);
INSERT INTO Products (ProductName, Description, Price) VALUES ('Product_74', 'Description of Product_74', 515.06);
INSERT INTO Products (ProductName, Description, Price) VALUES ('Product_75', 'Description of Product_75', 489.23);
INSERT INTO Products (ProductName, Description, Price) VALUES ('Product_76', 'Description of Product_76', 772.28);
INSERT INTO Products (ProductName, Description, Price) VALUES ('Product_77', 'Description of Product_77', 513.44);
INSERT INTO Products (ProductName, Description, Price) VALUES ('Product_78', 'Description of Product_78', 209.74);
INSERT INTO Products (ProductName, Description, Price) VALUES ('Product_79', 'Description of Product_79', 910.84);
INSERT INTO Products (ProductName, Description, Price) VALUES ('Product_80', 'Description of Product_80', 191.71);
INSERT INTO Products (ProductName, Description, Price) VALUES ('Product_81', 'Description of Product_81', 708.61);
INSERT INTO Products (ProductName, Description, Price) VALUES ('Product_82', 'Description of Product_82', 694.89);
INSERT INTO Products (ProductName, Description, Price) VALUES ('Product_83', 'Description of Product_83', 742.0);
INSERT INTO Products (ProductName, Description, Price) VALUES ('Product_84', 'Description of Product_84', 348.42);
INSERT INTO Products (ProductName, Description, Price) VALUES ('Product_85', 'Description of Product_85', 754.06);
INSERT INTO Products (ProductName, Description, Price) VALUES ('Product_86', 'Description of Product_86', 192.85);
INSERT INTO Products (ProductName, Description, Price) VALUES ('Product_87', 'Description of Product_87', 808.65);
INSERT INTO Products (ProductName, Description, Price) VALUES ('Product_88', 'Description of Product_88', 936.22);
INSERT INTO Products (ProductName, Description, Price) VALUES ('Product_89', 'Description of Product_89', 719.67);
INSERT INTO Products (ProductName, Description, Price) VALUES ('Product_90', 'Description of Product_90', 582.3);
INSERT INTO Products (ProductName, Description, Price) VALUES ('Product_91', 'Description of Product_91', 184.28);
INSERT INTO Products (ProductName, Description, Price) VALUES ('Product_92', 'Description of Product_92', 928.83);
INSERT INTO Products (ProductName, Description, Price) VALUES ('Product_93', 'Description of Product_93', 660.12);
INSERT INTO Products (ProductName, Description, Price) VALUES ('Product_94', 'Description of Product_94', 933.88);
INSERT INTO Products (ProductName, Description, Price) VALUES ('Product_95', 'Description of Product_95', 507.41);
INSERT INTO Products (ProductName, Description, Price) VALUES ('Product_96', 'Description of Product_96', 773.57);
INSERT INTO Products (ProductName, Description, Price) VALUES ('Product_97', 'Description of Product_97', 392.73);
INSERT INTO Products (ProductName, Description, Price) VALUES ('Product_98', 'Description of Product_98', 433.88);
INSERT INTO Products (ProductName, Description, Price) VALUES ('Product_99', 'Description of Product_99', 594.65);
INSERT INTO Products (ProductName, Description, Price) VALUES ('Product_100', 'Description of Product_100', 144.6);

INSERT INTO TaxRates (TaxName, Rate) VALUES ('Tax_1', 17.44);
INSERT INTO TaxRates (TaxName, Rate) VALUES ('Tax_2', 7.35);
INSERT INTO TaxRates (TaxName, Rate) VALUES ('Tax_3', 11.52);
INSERT INTO TaxRates (TaxName, Rate) VALUES ('Tax_4', 15.95);
INSERT INTO TaxRates (TaxName, Rate) VALUES ('Tax_5', 7.34);
INSERT INTO TaxRates (TaxName, Rate) VALUES ('Tax_6', 16.59);
INSERT INTO TaxRates (TaxName, Rate) VALUES ('Tax_7', 6.01);
INSERT INTO TaxRates (TaxName, Rate) VALUES ('Tax_8', 9.72);
INSERT INTO TaxRates (TaxName, Rate) VALUES ('Tax_9', 13.42);
INSERT INTO TaxRates (TaxName, Rate) VALUES ('Tax_10', 15.53);
INSERT INTO TaxRates (TaxName, Rate) VALUES ('Tax_11', 10.46);
INSERT INTO TaxRates (TaxName, Rate) VALUES ('Tax_12', 15.6);
INSERT INTO TaxRates (TaxName, Rate) VALUES ('Tax_13', 5.29);
INSERT INTO TaxRates (TaxName, Rate) VALUES ('Tax_14', 5.53);
INSERT INTO TaxRates (TaxName, Rate) VALUES ('Tax_15', 5.1);
INSERT INTO TaxRates (TaxName, Rate) VALUES ('Tax_16', 13.76);
INSERT INTO TaxRates (TaxName, Rate) VALUES ('Tax_17', 11.63);
INSERT INTO TaxRates (TaxName, Rate) VALUES ('Tax_18', 18.56);
INSERT INTO TaxRates (TaxName, Rate) VALUES ('Tax_19', 10.92);
INSERT INTO TaxRates (TaxName, Rate) VALUES ('Tax_20', 11.37);
INSERT INTO TaxRates (TaxName, Rate) VALUES ('Tax_21', 13.91);
INSERT INTO TaxRates (TaxName, Rate) VALUES ('Tax_22', 10.38);
INSERT INTO TaxRates (TaxName, Rate) VALUES ('Tax_23', 13.57);
INSERT INTO TaxRates (TaxName, Rate) VALUES ('Tax_24', 13.08);
INSERT INTO TaxRates (TaxName, Rate) VALUES ('Tax_25', 5.45);
INSERT INTO TaxRates (TaxName, Rate) VALUES ('Tax_26', 18.7);
INSERT INTO TaxRates (TaxName, Rate) VALUES ('Tax_27', 19.94);
INSERT INTO TaxRates (TaxName, Rate) VALUES ('Tax_28', 16.67);
INSERT INTO TaxRates (TaxName, Rate) VALUES ('Tax_29', 7.24);
INSERT INTO TaxRates (TaxName, Rate) VALUES ('Tax_30', 13.55);
INSERT INTO TaxRates (TaxName, Rate) VALUES ('Tax_31', 14.27);
INSERT INTO TaxRates (TaxName, Rate) VALUES ('Tax_32', 19.28);
INSERT INTO TaxRates (TaxName, Rate) VALUES ('Tax_33', 17.52);
INSERT INTO TaxRates (TaxName, Rate) VALUES ('Tax_34', 10.72);
INSERT INTO TaxRates (TaxName, Rate) VALUES ('Tax_35', 14.9);
INSERT INTO TaxRates (TaxName, Rate) VALUES ('Tax_36', 16.69);
INSERT INTO TaxRates (TaxName, Rate) VALUES ('Tax_37', 7.33);
INSERT INTO TaxRates (TaxName, Rate) VALUES ('Tax_38', 5.73);
INSERT INTO TaxRates (TaxName, Rate) VALUES ('Tax_39', 9.51);
INSERT INTO TaxRates (TaxName, Rate) VALUES ('Tax_40', 14.06);
INSERT INTO TaxRates (TaxName, Rate) VALUES ('Tax_41', 7.02);
INSERT INTO TaxRates (TaxName, Rate) VALUES ('Tax_42', 17.39);
INSERT INTO TaxRates (TaxName, Rate) VALUES ('Tax_43', 6.94);
INSERT INTO TaxRates (TaxName, Rate) VALUES ('Tax_44', 7.23);
INSERT INTO TaxRates (TaxName, Rate) VALUES ('Tax_45', 8.8);
INSERT INTO TaxRates (TaxName, Rate) VALUES ('Tax_46', 6.84);
INSERT INTO TaxRates (TaxName, Rate) VALUES ('Tax_47', 13.61);
INSERT INTO TaxRates (TaxName, Rate) VALUES ('Tax_48', 16.75);
INSERT INTO TaxRates (TaxName, Rate) VALUES ('Tax_49', 19.47);
INSERT INTO TaxRates (TaxName, Rate) VALUES ('Tax_50', 17.59);
INSERT INTO TaxRates (TaxName, Rate) VALUES ('Tax_51', 7.57);
INSERT INTO TaxRates (TaxName, Rate) VALUES ('Tax_52', 10.8);
INSERT INTO TaxRates (TaxName, Rate) VALUES ('Tax_53', 14.05);
INSERT INTO TaxRates (TaxName, Rate) VALUES ('Tax_54', 11.12);
INSERT INTO TaxRates (TaxName, Rate) VALUES ('Tax_55', 11.52);
INSERT INTO TaxRates (TaxName, Rate) VALUES ('Tax_56', 13.15);
INSERT INTO TaxRates (TaxName, Rate) VALUES ('Tax_57', 7.95);
INSERT INTO TaxRates (TaxName, Rate) VALUES ('Tax_58', 9.79);
INSERT INTO TaxRates (TaxName, Rate) VALUES ('Tax_59', 10.14);
INSERT INTO TaxRates (TaxName, Rate) VALUES ('Tax_60', 12.12);
INSERT INTO TaxRates (TaxName, Rate) VALUES ('Tax_61', 8.44);
INSERT INTO TaxRates (TaxName, Rate) VALUES ('Tax_62', 12.34);
INSERT INTO TaxRates (TaxName, Rate) VALUES ('Tax_63', 10.36);
INSERT INTO TaxRates (TaxName, Rate) VALUES ('Tax_64', 9.8);
INSERT INTO TaxRates (TaxName, Rate) VALUES ('Tax_65', 7.19);
INSERT INTO TaxRates (TaxName, Rate) VALUES ('Tax_66', 17.34);
INSERT INTO TaxRates (TaxName, Rate) VALUES ('Tax_67', 9.28);
INSERT INTO TaxRates (TaxName, Rate) VALUES ('Tax_68', 9.62);
INSERT INTO TaxRates (TaxName, Rate) VALUES ('Tax_69', 13.63);
INSERT INTO TaxRates (TaxName, Rate) VALUES ('Tax_70', 14.25);
INSERT INTO TaxRates (TaxName, Rate) VALUES ('Tax_71', 14.57);
INSERT INTO TaxRates (TaxName, Rate) VALUES ('Tax_72', 14.17);
INSERT INTO TaxRates (TaxName, Rate) VALUES ('Tax_73', 17.65);
INSERT INTO TaxRates (TaxName, Rate) VALUES ('Tax_74', 16.96);
INSERT INTO TaxRates (TaxName, Rate) VALUES ('Tax_75', 10.05);
INSERT INTO TaxRates (TaxName, Rate) VALUES ('Tax_76', 15.08);
INSERT INTO TaxRates (TaxName, Rate) VALUES ('Tax_77', 16.38);
INSERT INTO TaxRates (TaxName, Rate) VALUES ('Tax_78', 16.82);
INSERT INTO TaxRates (TaxName, Rate) VALUES ('Tax_79', 17.48);
INSERT INTO TaxRates (TaxName, Rate) VALUES ('Tax_80', 18.53);
INSERT INTO TaxRates (TaxName, Rate) VALUES ('Tax_81', 11.16);
INSERT INTO TaxRates (TaxName, Rate) VALUES ('Tax_82', 12.37);
INSERT INTO TaxRates (TaxName, Rate) VALUES ('Tax_83', 8.09);
INSERT INTO TaxRates (TaxName, Rate) VALUES ('Tax_84', 17.45);
INSERT INTO TaxRates (TaxName, Rate) VALUES ('Tax_85', 16.17);
INSERT INTO TaxRates (TaxName, Rate) VALUES ('Tax_86', 17.97);
INSERT INTO TaxRates (TaxName, Rate) VALUES ('Tax_87', 9.88);
INSERT INTO TaxRates (TaxName, Rate) VALUES ('Tax_88', 13.68);
INSERT INTO TaxRates (TaxName, Rate) VALUES ('Tax_89', 7.99);
INSERT INTO TaxRates (TaxName, Rate) VALUES ('Tax_90', 18.94);
INSERT INTO TaxRates (TaxName, Rate) VALUES ('Tax_91', 15.14);
INSERT INTO TaxRates (TaxName, Rate) VALUES ('Tax_92', 15.93);
INSERT INTO TaxRates (TaxName, Rate) VALUES ('Tax_93', 14.14);
INSERT INTO TaxRates (TaxName, Rate) VALUES ('Tax_94', 9.71);
INSERT INTO TaxRates (TaxName, Rate) VALUES ('Tax_95', 9.49);
INSERT INTO TaxRates (TaxName, Rate) VALUES ('Tax_96', 7.43);
INSERT INTO TaxRates (TaxName, Rate) VALUES ('Tax_97', 18.49);
INSERT INTO TaxRates (TaxName, Rate) VALUES ('Tax_98', 16.65);
INSERT INTO TaxRates (TaxName, Rate) VALUES ('Tax_99', 17.27);
INSERT INTO TaxRates (TaxName, Rate) VALUES ('Tax_100', 7.35);

INSERT INTO Discounts (DiscountName, DiscountValue) VALUES ('Discount_1', 23.79);
INSERT INTO Discounts (DiscountName, DiscountValue) VALUES ('Discount_2', 27.66);
INSERT INTO Discounts (DiscountName, DiscountValue) VALUES ('Discount_3', 27.58);
INSERT INTO Discounts (DiscountName, DiscountValue) VALUES ('Discount_4', 11.81);
INSERT INTO Discounts (DiscountName, DiscountValue) VALUES ('Discount_5', 15.82);
INSERT INTO Discounts (DiscountName, DiscountValue) VALUES ('Discount_6', 23.26);
INSERT INTO Discounts (DiscountName, DiscountValue) VALUES ('Discount_7', 14.32);
INSERT INTO Discounts (DiscountName, DiscountValue) VALUES ('Discount_8', 6.13);
INSERT INTO Discounts (DiscountName, DiscountValue) VALUES ('Discount_9', 29.58);
INSERT INTO Discounts (DiscountName, DiscountValue) VALUES ('Discount_10', 11.02);
INSERT INTO Discounts (DiscountName, DiscountValue) VALUES ('Discount_11', 20.13);
INSERT INTO Discounts (DiscountName, DiscountValue) VALUES ('Discount_12', 6.11);
INSERT INTO Discounts (DiscountName, DiscountValue) VALUES ('Discount_13', 10.37);
INSERT INTO Discounts (DiscountName, DiscountValue) VALUES ('Discount_14', 20.39);
INSERT INTO Discounts (DiscountName, DiscountValue) VALUES ('Discount_15', 8.51);
INSERT INTO Discounts (DiscountName, DiscountValue) VALUES ('Discount_16', 24.0);
INSERT INTO Discounts (DiscountName, DiscountValue) VALUES ('Discount_17', 15.85);
INSERT INTO Discounts (DiscountName, DiscountValue) VALUES ('Discount_18', 19.07);
INSERT INTO Discounts (DiscountName, DiscountValue) VALUES ('Discount_19', 8.93);
INSERT INTO Discounts (DiscountName, DiscountValue) VALUES ('Discount_20', 18.92);
INSERT INTO Discounts (DiscountName, DiscountValue) VALUES ('Discount_21', 5.86);
INSERT INTO Discounts (DiscountName, DiscountValue) VALUES ('Discount_22', 26.32);
INSERT INTO Discounts (DiscountName, DiscountValue) VALUES ('Discount_23', 25.57);
INSERT INTO Discounts (DiscountName, DiscountValue) VALUES ('Discount_24', 17.27);
INSERT INTO Discounts (DiscountName, DiscountValue) VALUES ('Discount_25', 6.13);
INSERT INTO Discounts (DiscountName, DiscountValue) VALUES ('Discount_26', 25.7);
INSERT INTO Discounts (DiscountName, DiscountValue) VALUES ('Discount_27', 19.46);
INSERT INTO Discounts (DiscountName, DiscountValue) VALUES ('Discount_28', 16.37);
INSERT INTO Discounts (DiscountName, DiscountValue) VALUES ('Discount_29', 21.05);
INSERT INTO Discounts (DiscountName, DiscountValue) VALUES ('Discount_30', 20.22);
INSERT INTO Discounts (DiscountName, DiscountValue) VALUES ('Discount_31', 20.15);
INSERT INTO Discounts (DiscountName, DiscountValue) VALUES ('Discount_32', 18.36);
INSERT INTO Discounts (DiscountName, DiscountValue) VALUES ('Discount_33', 25.93);
INSERT INTO Discounts (DiscountName, DiscountValue) VALUES ('Discount_34', 29.37);
INSERT INTO Discounts (DiscountName, DiscountValue) VALUES ('Discount_35', 26.18);
INSERT INTO Discounts (DiscountName, DiscountValue) VALUES ('Discount_36', 19.42);
INSERT INTO Discounts (DiscountName, DiscountValue) VALUES ('Discount_37', 25.52);
INSERT INTO Discounts (DiscountName, DiscountValue) VALUES ('Discount_38', 19.66);
INSERT INTO Discounts (DiscountName, DiscountValue) VALUES ('Discount_39', 7.89);
INSERT INTO Discounts (DiscountName, DiscountValue) VALUES ('Discount_40', 29.2);
INSERT INTO Discounts (DiscountName, DiscountValue) VALUES ('Discount_41', 22.81);
INSERT INTO Discounts (DiscountName, DiscountValue) VALUES ('Discount_42', 14.77);
INSERT INTO Discounts (DiscountName, DiscountValue) VALUES ('Discount_43', 5.4);
INSERT INTO Discounts (DiscountName, DiscountValue) VALUES ('Discount_44', 11.19);
INSERT INTO Discounts (DiscountName, DiscountValue) VALUES ('Discount_45', 11.12);
INSERT INTO Discounts (DiscountName, DiscountValue) VALUES ('Discount_46', 19.14);
INSERT INTO Discounts (DiscountName, DiscountValue) VALUES ('Discount_47', 23.98);
INSERT INTO Discounts (DiscountName, DiscountValue) VALUES ('Discount_48', 16.94);
INSERT INTO Discounts (DiscountName, DiscountValue) VALUES ('Discount_49', 15.48);
INSERT INTO Discounts (DiscountName, DiscountValue) VALUES ('Discount_50', 7.92);
INSERT INTO Discounts (DiscountName, DiscountValue) VALUES ('Discount_51', 27.1);
INSERT INTO Discounts (DiscountName, DiscountValue) VALUES ('Discount_52', 21.03);
INSERT INTO Discounts (DiscountName, DiscountValue) VALUES ('Discount_53', 28.93);
INSERT INTO Discounts (DiscountName, DiscountValue) VALUES ('Discount_54', 14.06);
INSERT INTO Discounts (DiscountName, DiscountValue) VALUES ('Discount_55', 5.83);
INSERT INTO Discounts (DiscountName, DiscountValue) VALUES ('Discount_56', 24.58);
INSERT INTO Discounts (DiscountName, DiscountValue) VALUES ('Discount_57', 6.64);
INSERT INTO Discounts (DiscountName, DiscountValue) VALUES ('Discount_58', 7.05);
INSERT INTO Discounts (DiscountName, DiscountValue) VALUES ('Discount_59', 28.08);
INSERT INTO Discounts (DiscountName, DiscountValue) VALUES ('Discount_60', 9.71);
INSERT INTO Discounts (DiscountName, DiscountValue) VALUES ('Discount_61', 16.03);
INSERT INTO Discounts (DiscountName, DiscountValue) VALUES ('Discount_62', 12.02);
INSERT INTO Discounts (DiscountName, DiscountValue) VALUES ('Discount_63', 5.45);
INSERT INTO Discounts (DiscountName, DiscountValue) VALUES ('Discount_64', 20.8);
INSERT INTO Discounts (DiscountName, DiscountValue) VALUES ('Discount_65', 8.74);
INSERT INTO Discounts (DiscountName, DiscountValue) VALUES ('Discount_66', 18.47);
INSERT INTO Discounts (DiscountName, DiscountValue) VALUES ('Discount_67', 11.43);
INSERT INTO Discounts (DiscountName, DiscountValue) VALUES ('Discount_68', 12.32);
INSERT INTO Discounts (DiscountName, DiscountValue) VALUES ('Discount_69', 25.04);
INSERT INTO Discounts (DiscountName, DiscountValue) VALUES ('Discount_70', 14.55);
INSERT INTO Discounts (DiscountName, DiscountValue) VALUES ('Discount_71', 24.17);
INSERT INTO Discounts (DiscountName, DiscountValue) VALUES ('Discount_72', 15.06);
INSERT INTO Discounts (DiscountName, DiscountValue) VALUES ('Discount_73', 13.03);
INSERT INTO Discounts (DiscountName, DiscountValue) VALUES ('Discount_74', 20.18);
INSERT INTO Discounts (DiscountName, DiscountValue) VALUES ('Discount_75', 7.68);
INSERT INTO Discounts (DiscountName, DiscountValue) VALUES ('Discount_76', 18.16);
INSERT INTO Discounts (DiscountName, DiscountValue) VALUES ('Discount_77', 17.06);
INSERT INTO Discounts (DiscountName, DiscountValue) VALUES ('Discount_78', 17.5);
INSERT INTO Discounts (DiscountName, DiscountValue) VALUES ('Discount_79', 22.76);
INSERT INTO Discounts (DiscountName, DiscountValue) VALUES ('Discount_80', 5.41);
INSERT INTO Discounts (DiscountName, DiscountValue) VALUES ('Discount_81', 11.68);
INSERT INTO Discounts (DiscountName, DiscountValue) VALUES ('Discount_82', 17.49);
INSERT INTO Discounts (DiscountName, DiscountValue) VALUES ('Discount_83', 23.12);
INSERT INTO Discounts (DiscountName, DiscountValue) VALUES ('Discount_84', 20.11);
INSERT INTO Discounts (DiscountName, DiscountValue) VALUES ('Discount_85', 22.09);
INSERT INTO Discounts (DiscountName, DiscountValue) VALUES ('Discount_86', 21.13);
INSERT INTO Discounts (DiscountName, DiscountValue) VALUES ('Discount_87', 21.29);
INSERT INTO Discounts (DiscountName, DiscountValue) VALUES ('Discount_88', 25.28);
INSERT INTO Discounts (DiscountName, DiscountValue) VALUES ('Discount_89', 19.08);
INSERT INTO Discounts (DiscountName, DiscountValue) VALUES ('Discount_90', 14.81);
INSERT INTO Discounts (DiscountName, DiscountValue) VALUES ('Discount_91', 29.71);
INSERT INTO Discounts (DiscountName, DiscountValue) VALUES ('Discount_92', 22.93);
INSERT INTO Discounts (DiscountName, DiscountValue) VALUES ('Discount_93', 29.49);
INSERT INTO Discounts (DiscountName, DiscountValue) VALUES ('Discount_94', 14.81);
INSERT INTO Discounts (DiscountName, DiscountValue) VALUES ('Discount_95', 10.4);
INSERT INTO Discounts (DiscountName, DiscountValue) VALUES ('Discount_96', 22.27);
INSERT INTO Discounts (DiscountName, DiscountValue) VALUES ('Discount_97', 28.34);
INSERT INTO Discounts (DiscountName, DiscountValue) VALUES ('Discount_98', 5.55);
INSERT INTO Discounts (DiscountName, DiscountValue) VALUES ('Discount_99', 14.17);
INSERT INTO Discounts (DiscountName, DiscountValue) VALUES ('Discount_100', 26.78);

INSERT INTO InvoiceDetails (InvoiceID, ProductID, Quantity, TaxID, DiscountID, LineTotal) VALUES (55, 74, 3, 11, 95, 1377.64);
INSERT INTO InvoiceDetails (InvoiceID, ProductID, Quantity, TaxID, DiscountID, LineTotal) VALUES (7, 92, 4, 7, 26, 1627.39);
INSERT INTO InvoiceDetails (InvoiceID, ProductID, Quantity, TaxID, DiscountID, LineTotal) VALUES (71, 4, 5, 6, 5, 1140.93);
INSERT INTO InvoiceDetails (InvoiceID, ProductID, Quantity, TaxID, DiscountID, LineTotal) VALUES (13, 28, 3, 4, 86, 951.31);
INSERT INTO InvoiceDetails (InvoiceID, ProductID, Quantity, TaxID, DiscountID, LineTotal) VALUES (69, 20, 2, 45, 57, 307.48);
INSERT INTO InvoiceDetails (InvoiceID, ProductID, Quantity, TaxID, DiscountID, LineTotal) VALUES (62, 50, 3, 44, 56, 611.79);
INSERT INTO InvoiceDetails (InvoiceID, ProductID, Quantity, TaxID, DiscountID, LineTotal) VALUES (65, 58, 3, 46, 9, 1372.77);
INSERT INTO InvoiceDetails (InvoiceID, ProductID, Quantity, TaxID, DiscountID, LineTotal) VALUES (61, 29, 1, 54, 67, 1284.33);
INSERT INTO InvoiceDetails (InvoiceID, ProductID, Quantity, TaxID, DiscountID, LineTotal) VALUES (40, 72, 4, 80, 61, 1034.17);
INSERT INTO InvoiceDetails (InvoiceID, ProductID, Quantity, TaxID, DiscountID, LineTotal) VALUES (90, 81, 2, 51, 44, 1092.1);
INSERT INTO InvoiceDetails (InvoiceID, ProductID, Quantity, TaxID, DiscountID, LineTotal) VALUES (51, 42, 1, 30, 98, 1691.41);
INSERT INTO InvoiceDetails (InvoiceID, ProductID, Quantity, TaxID, DiscountID, LineTotal) VALUES (32, 17, 4, 75, 64, 408.84);
INSERT INTO InvoiceDetails (InvoiceID, ProductID, Quantity, TaxID, DiscountID, LineTotal) VALUES (43, 92, 2, 63, 64, 1265.88);
INSERT INTO InvoiceDetails (InvoiceID, ProductID, Quantity, TaxID, DiscountID, LineTotal) VALUES (70, 14, 4, 80, 92, 1276.96);
INSERT INTO InvoiceDetails (InvoiceID, ProductID, Quantity, TaxID, DiscountID, LineTotal) VALUES (31, 96, 2, 36, 44, 1683.22);
INSERT INTO InvoiceDetails (InvoiceID, ProductID, Quantity, TaxID, DiscountID, LineTotal) VALUES (47, 89, 1, 23, 28, 1103.23);
INSERT INTO InvoiceDetails (InvoiceID, ProductID, Quantity, TaxID, DiscountID, LineTotal) VALUES (75, 49, 3, 15, 93, 253.87);
INSERT INTO InvoiceDetails (InvoiceID, ProductID, Quantity, TaxID, DiscountID, LineTotal) VALUES (50, 89, 1, 49, 87, 1024.86);
INSERT INTO InvoiceDetails (InvoiceID, ProductID, Quantity, TaxID, DiscountID, LineTotal) VALUES (71, 74, 5, 42, 90, 369.64);
INSERT INTO InvoiceDetails (InvoiceID, ProductID, Quantity, TaxID, DiscountID, LineTotal) VALUES (9, 38, 5, 44, 94, 113.06);
INSERT INTO InvoiceDetails (InvoiceID, ProductID, Quantity, TaxID, DiscountID, LineTotal) VALUES (79, 14, 4, 44, 68, 729.47);
INSERT INTO InvoiceDetails (InvoiceID, ProductID, Quantity, TaxID, DiscountID, LineTotal) VALUES (42, 44, 3, 45, 11, 1185.89);
INSERT INTO InvoiceDetails (InvoiceID, ProductID, Quantity, TaxID, DiscountID, LineTotal) VALUES (84, 41, 4, 30, 38, 667.87);
INSERT INTO InvoiceDetails (InvoiceID, ProductID, Quantity, TaxID, DiscountID, LineTotal) VALUES (47, 66, 4, 93, 81, 166.94);
INSERT INTO InvoiceDetails (InvoiceID, ProductID, Quantity, TaxID, DiscountID, LineTotal) VALUES (28, 76, 2, 96, 34, 367.8);
INSERT INTO InvoiceDetails (InvoiceID, ProductID, Quantity, TaxID, DiscountID, LineTotal) VALUES (98, 1, 4, 85, 91, 1285.42);
INSERT INTO InvoiceDetails (InvoiceID, ProductID, Quantity, TaxID, DiscountID, LineTotal) VALUES (5, 25, 4, 22, 49, 934.4);
INSERT INTO InvoiceDetails (InvoiceID, ProductID, Quantity, TaxID, DiscountID, LineTotal) VALUES (23, 34, 1, 55, 93, 1056.4);
INSERT INTO InvoiceDetails (InvoiceID, ProductID, Quantity, TaxID, DiscountID, LineTotal) VALUES (88, 96, 2, 42, 83, 1547.46);
INSERT INTO InvoiceDetails (InvoiceID, ProductID, Quantity, TaxID, DiscountID, LineTotal) VALUES (24, 37, 2, 74, 71, 1446.27);
INSERT INTO InvoiceDetails (InvoiceID, ProductID, Quantity, TaxID, DiscountID, LineTotal) VALUES (99, 93, 5, 21, 6, 503.46);
INSERT INTO InvoiceDetails (InvoiceID, ProductID, Quantity, TaxID, DiscountID, LineTotal) VALUES (58, 46, 2, 50, 7, 682.56);
INSERT INTO InvoiceDetails (InvoiceID, ProductID, Quantity, TaxID, DiscountID, LineTotal) VALUES (94, 34, 2, 46, 18, 323.86);
INSERT INTO InvoiceDetails (InvoiceID, ProductID, Quantity, TaxID, DiscountID, LineTotal) VALUES (57, 45, 3, 48, 79, 966.76);
INSERT INTO InvoiceDetails (InvoiceID, ProductID, Quantity, TaxID, DiscountID, LineTotal) VALUES (11, 75, 1, 92, 79, 1246.28);
INSERT INTO InvoiceDetails (InvoiceID, ProductID, Quantity, TaxID, DiscountID, LineTotal) VALUES (77, 19, 5, 61, 95, 660.77);
INSERT INTO InvoiceDetails (InvoiceID, ProductID, Quantity, TaxID, DiscountID, LineTotal) VALUES (21, 15, 3, 61, 1, 1149.78);
INSERT INTO InvoiceDetails (InvoiceID, ProductID, Quantity, TaxID, DiscountID, LineTotal) VALUES (18, 44, 2, 76, 41, 554.0);
INSERT INTO InvoiceDetails (InvoiceID, ProductID, Quantity, TaxID, DiscountID, LineTotal) VALUES (40, 75, 2, 86, 44, 1586.78);
INSERT INTO InvoiceDetails (InvoiceID, ProductID, Quantity, TaxID, DiscountID, LineTotal) VALUES (24, 88, 2, 50, 16, 1503.68);
INSERT INTO InvoiceDetails (InvoiceID, ProductID, Quantity, TaxID, DiscountID, LineTotal) VALUES (16, 85, 2, 85, 35, 509.97);
INSERT INTO InvoiceDetails (InvoiceID, ProductID, Quantity, TaxID, DiscountID, LineTotal) VALUES (29, 10, 1, 62, 34, 1215.01);
INSERT INTO InvoiceDetails (InvoiceID, ProductID, Quantity, TaxID, DiscountID, LineTotal) VALUES (43, 65, 3, 62, 4, 866.4);
INSERT INTO InvoiceDetails (InvoiceID, ProductID, Quantity, TaxID, DiscountID, LineTotal) VALUES (14, 79, 4, 64, 100, 1885.63);
INSERT INTO InvoiceDetails (InvoiceID, ProductID, Quantity, TaxID, DiscountID, LineTotal) VALUES (69, 77, 1, 31, 100, 486.61);
INSERT INTO InvoiceDetails (InvoiceID, ProductID, Quantity, TaxID, DiscountID, LineTotal) VALUES (20, 83, 5, 81, 12, 1739.02);
INSERT INTO InvoiceDetails (InvoiceID, ProductID, Quantity, TaxID, DiscountID, LineTotal) VALUES (77, 51, 2, 99, 66, 894.58);
INSERT INTO InvoiceDetails (InvoiceID, ProductID, Quantity, TaxID, DiscountID, LineTotal) VALUES (90, 20, 5, 76, 18, 1808.26);
INSERT INTO InvoiceDetails (InvoiceID, ProductID, Quantity, TaxID, DiscountID, LineTotal) VALUES (36, 6, 4, 43, 99, 1285.07);
INSERT INTO InvoiceDetails (InvoiceID, ProductID, Quantity, TaxID, DiscountID, LineTotal) VALUES (77, 65, 1, 84, 71, 225.8);
INSERT INTO InvoiceDetails (InvoiceID, ProductID, Quantity, TaxID, DiscountID, LineTotal) VALUES (54, 97, 4, 62, 92, 519.9);
INSERT INTO InvoiceDetails (InvoiceID, ProductID, Quantity, TaxID, DiscountID, LineTotal) VALUES (72, 71, 3, 84, 56, 1606.12);
INSERT INTO InvoiceDetails (InvoiceID, ProductID, Quantity, TaxID, DiscountID, LineTotal) VALUES (56, 40, 4, 19, 7, 1608.35);
INSERT INTO InvoiceDetails (InvoiceID, ProductID, Quantity, TaxID, DiscountID, LineTotal) VALUES (60, 60, 5, 33, 66, 413.86);
INSERT INTO InvoiceDetails (InvoiceID, ProductID, Quantity, TaxID, DiscountID, LineTotal) VALUES (61, 28, 4, 27, 31, 1288.81);
INSERT INTO InvoiceDetails (InvoiceID, ProductID, Quantity, TaxID, DiscountID, LineTotal) VALUES (57, 19, 2, 80, 35, 651.63);
INSERT INTO InvoiceDetails (InvoiceID, ProductID, Quantity, TaxID, DiscountID, LineTotal) VALUES (99, 90, 5, 4, 3, 884.69);
INSERT INTO InvoiceDetails (InvoiceID, ProductID, Quantity, TaxID, DiscountID, LineTotal) VALUES (98, 83, 4, 82, 29, 1015.11);
INSERT INTO InvoiceDetails (InvoiceID, ProductID, Quantity, TaxID, DiscountID, LineTotal) VALUES (5, 10, 3, 17, 37, 325.43);
INSERT INTO InvoiceDetails (InvoiceID, ProductID, Quantity, TaxID, DiscountID, LineTotal) VALUES (12, 56, 5, 41, 50, 461.41);
INSERT INTO InvoiceDetails (InvoiceID, ProductID, Quantity, TaxID, DiscountID, LineTotal) VALUES (35, 98, 1, 64, 41, 770.63);
INSERT INTO InvoiceDetails (InvoiceID, ProductID, Quantity, TaxID, DiscountID, LineTotal) VALUES (74, 74, 3, 87, 32, 1155.49);
INSERT INTO InvoiceDetails (InvoiceID, ProductID, Quantity, TaxID, DiscountID, LineTotal) VALUES (3, 54, 3, 20, 50, 1068.97);
INSERT INTO InvoiceDetails (InvoiceID, ProductID, Quantity, TaxID, DiscountID, LineTotal) VALUES (23, 14, 2, 77, 17, 1484.18);
INSERT INTO InvoiceDetails (InvoiceID, ProductID, Quantity, TaxID, DiscountID, LineTotal) VALUES (6, 75, 2, 80, 6, 1354.55);
INSERT INTO InvoiceDetails (InvoiceID, ProductID, Quantity, TaxID, DiscountID, LineTotal) VALUES (33, 46, 3, 14, 15, 718.96);
INSERT INTO InvoiceDetails (InvoiceID, ProductID, Quantity, TaxID, DiscountID, LineTotal) VALUES (71, 66, 1, 85, 69, 275.39);
INSERT INTO InvoiceDetails (InvoiceID, ProductID, Quantity, TaxID, DiscountID, LineTotal) VALUES (22, 1, 5, 67, 79, 1261.51);
INSERT INTO InvoiceDetails (InvoiceID, ProductID, Quantity, TaxID, DiscountID, LineTotal) VALUES (63, 64, 4, 60, 10, 543.63);
INSERT INTO InvoiceDetails (InvoiceID, ProductID, Quantity, TaxID, DiscountID, LineTotal) VALUES (55, 14, 4, 27, 56, 1606.36);
INSERT INTO InvoiceDetails (InvoiceID, ProductID, Quantity, TaxID, DiscountID, LineTotal) VALUES (61, 40, 2, 31, 65, 812.8);
INSERT INTO InvoiceDetails (InvoiceID, ProductID, Quantity, TaxID, DiscountID, LineTotal) VALUES (16, 70, 1, 55, 34, 284.89);
INSERT INTO InvoiceDetails (InvoiceID, ProductID, Quantity, TaxID, DiscountID, LineTotal) VALUES (41, 38, 2, 22, 27, 126.4);
INSERT INTO InvoiceDetails (InvoiceID, ProductID, Quantity, TaxID, DiscountID, LineTotal) VALUES (14, 4, 4, 1, 1, 1663.67);
INSERT INTO InvoiceDetails (InvoiceID, ProductID, Quantity, TaxID, DiscountID, LineTotal) VALUES (36, 82, 2, 10, 56, 934.95);
INSERT INTO InvoiceDetails (InvoiceID, ProductID, Quantity, TaxID, DiscountID, LineTotal) VALUES (77, 95, 3, 26, 63, 871.35);
INSERT INTO InvoiceDetails (InvoiceID, ProductID, Quantity, TaxID, DiscountID, LineTotal) VALUES (13, 2, 5, 86, 93, 1789.49);
INSERT INTO InvoiceDetails (InvoiceID, ProductID, Quantity, TaxID, DiscountID, LineTotal) VALUES (21, 4, 1, 83, 94, 944.68);
INSERT INTO InvoiceDetails (InvoiceID, ProductID, Quantity, TaxID, DiscountID, LineTotal) VALUES (73, 49, 2, 26, 56, 171.6);
INSERT INTO InvoiceDetails (InvoiceID, ProductID, Quantity, TaxID, DiscountID, LineTotal) VALUES (76, 46, 5, 96, 15, 744.98);
INSERT INTO InvoiceDetails (InvoiceID, ProductID, Quantity, TaxID, DiscountID, LineTotal) VALUES (11, 34, 4, 87, 94, 400.99);
INSERT INTO InvoiceDetails (InvoiceID, ProductID, Quantity, TaxID, DiscountID, LineTotal) VALUES (72, 87, 2, 14, 40, 1001.23);
INSERT INTO InvoiceDetails (InvoiceID, ProductID, Quantity, TaxID, DiscountID, LineTotal) VALUES (41, 56, 2, 45, 91, 1048.26);
INSERT INTO InvoiceDetails (InvoiceID, ProductID, Quantity, TaxID, DiscountID, LineTotal) VALUES (60, 13, 5, 98, 88, 821.32);
INSERT INTO InvoiceDetails (InvoiceID, ProductID, Quantity, TaxID, DiscountID, LineTotal) VALUES (55, 61, 2, 26, 72, 477.71);
INSERT INTO InvoiceDetails (InvoiceID, ProductID, Quantity, TaxID, DiscountID, LineTotal) VALUES (10, 7, 2, 14, 67, 215.91);
INSERT INTO InvoiceDetails (InvoiceID, ProductID, Quantity, TaxID, DiscountID, LineTotal) VALUES (70, 91, 1, 27, 31, 1916.57);
INSERT INTO InvoiceDetails (InvoiceID, ProductID, Quantity, TaxID, DiscountID, LineTotal) VALUES (50, 95, 3, 60, 2, 1858.73);
INSERT INTO InvoiceDetails (InvoiceID, ProductID, Quantity, TaxID, DiscountID, LineTotal) VALUES (2, 81, 4, 14, 6, 1990.57);
INSERT INTO InvoiceDetails (InvoiceID, ProductID, Quantity, TaxID, DiscountID, LineTotal) VALUES (55, 33, 5, 88, 67, 1503.49);
INSERT INTO InvoiceDetails (InvoiceID, ProductID, Quantity, TaxID, DiscountID, LineTotal) VALUES (82, 67, 2, 47, 74, 954.48);
INSERT INTO InvoiceDetails (InvoiceID, ProductID, Quantity, TaxID, DiscountID, LineTotal) VALUES (62, 67, 4, 23, 39, 805.0);
INSERT INTO InvoiceDetails (InvoiceID, ProductID, Quantity, TaxID, DiscountID, LineTotal) VALUES (94, 99, 5, 5, 62, 63.08);
INSERT INTO InvoiceDetails (InvoiceID, ProductID, Quantity, TaxID, DiscountID, LineTotal) VALUES (80, 41, 1, 63, 16, 1623.08);
INSERT INTO InvoiceDetails (InvoiceID, ProductID, Quantity, TaxID, DiscountID, LineTotal) VALUES (99, 70, 5, 93, 76, 90.9);
INSERT INTO InvoiceDetails (InvoiceID, ProductID, Quantity, TaxID, DiscountID, LineTotal) VALUES (19, 71, 1, 30, 17, 1270.82);
INSERT INTO InvoiceDetails (InvoiceID, ProductID, Quantity, TaxID, DiscountID, LineTotal) VALUES (37, 17, 3, 75, 58, 714.19);
INSERT INTO InvoiceDetails (InvoiceID, ProductID, Quantity, TaxID, DiscountID, LineTotal) VALUES (18, 52, 1, 19, 1, 236.27);
INSERT INTO InvoiceDetails (InvoiceID, ProductID, Quantity, TaxID, DiscountID, LineTotal) VALUES (7, 27, 2, 48, 71, 1651.56);
INSERT INTO InvoiceDetails (InvoiceID, ProductID, Quantity, TaxID, DiscountID, LineTotal) VALUES (21, 6, 3, 73, 71, 1401.94);

INSERT INTO PaymentStatus (StatusName, Description) VALUES ('Status_1', 'Description for Status_1');
INSERT INTO PaymentStatus (StatusName, Description) VALUES ('Status_2', 'Description for Status_2');
INSERT INTO PaymentStatus (StatusName, Description) VALUES ('Status_3', 'Description for Status_3');
INSERT INTO PaymentStatus (StatusName, Description) VALUES ('Status_4', 'Description for Status_4');
INSERT INTO PaymentStatus (StatusName, Description) VALUES ('Status_5', 'Description for Status_5');
INSERT INTO PaymentStatus (StatusName, Description) VALUES ('Status_6', 'Description for Status_6');
INSERT INTO PaymentStatus (StatusName, Description) VALUES ('Status_7', 'Description for Status_7');
INSERT INTO PaymentStatus (StatusName, Description) VALUES ('Status_8', 'Description for Status_8');
INSERT INTO PaymentStatus (StatusName, Description) VALUES ('Status_9', 'Description for Status_9');
INSERT INTO PaymentStatus (StatusName, Description) VALUES ('Status_10', 'Description for Status_10');
INSERT INTO PaymentStatus (StatusName, Description) VALUES ('Status_11', 'Description for Status_11');
INSERT INTO PaymentStatus (StatusName, Description) VALUES ('Status_12', 'Description for Status_12');
INSERT INTO PaymentStatus (StatusName, Description) VALUES ('Status_13', 'Description for Status_13');
INSERT INTO PaymentStatus (StatusName, Description) VALUES ('Status_14', 'Description for Status_14');
INSERT INTO PaymentStatus (StatusName, Description) VALUES ('Status_15', 'Description for Status_15');
INSERT INTO PaymentStatus (StatusName, Description) VALUES ('Status_16', 'Description for Status_16');
INSERT INTO PaymentStatus (StatusName, Description) VALUES ('Status_17', 'Description for Status_17');
INSERT INTO PaymentStatus (StatusName, Description) VALUES ('Status_18', 'Description for Status_18');
INSERT INTO PaymentStatus (StatusName, Description) VALUES ('Status_19', 'Description for Status_19');
INSERT INTO PaymentStatus (StatusName, Description) VALUES ('Status_20', 'Description for Status_20');
INSERT INTO PaymentStatus (StatusName, Description) VALUES ('Status_21', 'Description for Status_21');
INSERT INTO PaymentStatus (StatusName, Description) VALUES ('Status_22', 'Description for Status_22');
INSERT INTO PaymentStatus (StatusName, Description) VALUES ('Status_23', 'Description for Status_23');
INSERT INTO PaymentStatus (StatusName, Description) VALUES ('Status_24', 'Description for Status_24');
INSERT INTO PaymentStatus (StatusName, Description) VALUES ('Status_25', 'Description for Status_25');
INSERT INTO PaymentStatus (StatusName, Description) VALUES ('Status_26', 'Description for Status_26');
INSERT INTO PaymentStatus (StatusName, Description) VALUES ('Status_27', 'Description for Status_27');
INSERT INTO PaymentStatus (StatusName, Description) VALUES ('Status_28', 'Description for Status_28');
INSERT INTO PaymentStatus (StatusName, Description) VALUES ('Status_29', 'Description for Status_29');
INSERT INTO PaymentStatus (StatusName, Description) VALUES ('Status_30', 'Description for Status_30');
INSERT INTO PaymentStatus (StatusName, Description) VALUES ('Status_31', 'Description for Status_31');
INSERT INTO PaymentStatus (StatusName, Description) VALUES ('Status_32', 'Description for Status_32');
INSERT INTO PaymentStatus (StatusName, Description) VALUES ('Status_33', 'Description for Status_33');
INSERT INTO PaymentStatus (StatusName, Description) VALUES ('Status_34', 'Description for Status_34');
INSERT INTO PaymentStatus (StatusName, Description) VALUES ('Status_35', 'Description for Status_35');
INSERT INTO PaymentStatus (StatusName, Description) VALUES ('Status_36', 'Description for Status_36');
INSERT INTO PaymentStatus (StatusName, Description) VALUES ('Status_37', 'Description for Status_37');
INSERT INTO PaymentStatus (StatusName, Description) VALUES ('Status_38', 'Description for Status_38');
INSERT INTO PaymentStatus (StatusName, Description) VALUES ('Status_39', 'Description for Status_39');
INSERT INTO PaymentStatus (StatusName, Description) VALUES ('Status_40', 'Description for Status_40');
INSERT INTO PaymentStatus (StatusName, Description) VALUES ('Status_41', 'Description for Status_41');
INSERT INTO PaymentStatus (StatusName, Description) VALUES ('Status_42', 'Description for Status_42');
INSERT INTO PaymentStatus (StatusName, Description) VALUES ('Status_43', 'Description for Status_43');
INSERT INTO PaymentStatus (StatusName, Description) VALUES ('Status_44', 'Description for Status_44');
INSERT INTO PaymentStatus (StatusName, Description) VALUES ('Status_45', 'Description for Status_45');
INSERT INTO PaymentStatus (StatusName, Description) VALUES ('Status_46', 'Description for Status_46');
INSERT INTO PaymentStatus (StatusName, Description) VALUES ('Status_47', 'Description for Status_47');
INSERT INTO PaymentStatus (StatusName, Description) VALUES ('Status_48', 'Description for Status_48');
INSERT INTO PaymentStatus (StatusName, Description) VALUES ('Status_49', 'Description for Status_49');
INSERT INTO PaymentStatus (StatusName, Description) VALUES ('Status_50', 'Description for Status_50');
INSERT INTO PaymentStatus (StatusName, Description) VALUES ('Status_51', 'Description for Status_51');
INSERT INTO PaymentStatus (StatusName, Description) VALUES ('Status_52', 'Description for Status_52');
INSERT INTO PaymentStatus (StatusName, Description) VALUES ('Status_53', 'Description for Status_53');
INSERT INTO PaymentStatus (StatusName, Description) VALUES ('Status_54', 'Description for Status_54');
INSERT INTO PaymentStatus (StatusName, Description) VALUES ('Status_55', 'Description for Status_55');
INSERT INTO PaymentStatus (StatusName, Description) VALUES ('Status_56', 'Description for Status_56');
INSERT INTO PaymentStatus (StatusName, Description) VALUES ('Status_57', 'Description for Status_57');
INSERT INTO PaymentStatus (StatusName, Description) VALUES ('Status_58', 'Description for Status_58');
INSERT INTO PaymentStatus (StatusName, Description) VALUES ('Status_59', 'Description for Status_59');
INSERT INTO PaymentStatus (StatusName, Description) VALUES ('Status_60', 'Description for Status_60');
INSERT INTO PaymentStatus (StatusName, Description) VALUES ('Status_61', 'Description for Status_61');
INSERT INTO PaymentStatus (StatusName, Description) VALUES ('Status_62', 'Description for Status_62');
INSERT INTO PaymentStatus (StatusName, Description) VALUES ('Status_63', 'Description for Status_63');
INSERT INTO PaymentStatus (StatusName, Description) VALUES ('Status_64', 'Description for Status_64');
INSERT INTO PaymentStatus (StatusName, Description) VALUES ('Status_65', 'Description for Status_65');
INSERT INTO PaymentStatus (StatusName, Description) VALUES ('Status_66', 'Description for Status_66');
INSERT INTO PaymentStatus (StatusName, Description) VALUES ('Status_67', 'Description for Status_67');
INSERT INTO PaymentStatus (StatusName, Description) VALUES ('Status_68', 'Description for Status_68');
INSERT INTO PaymentStatus (StatusName, Description) VALUES ('Status_69', 'Description for Status_69');
INSERT INTO PaymentStatus (StatusName, Description) VALUES ('Status_70', 'Description for Status_70');
INSERT INTO PaymentStatus (StatusName, Description) VALUES ('Status_71', 'Description for Status_71');
INSERT INTO PaymentStatus (StatusName, Description) VALUES ('Status_72', 'Description for Status_72');
INSERT INTO PaymentStatus (StatusName, Description) VALUES ('Status_73', 'Description for Status_73');
INSERT INTO PaymentStatus (StatusName, Description) VALUES ('Status_74', 'Description for Status_74');
INSERT INTO PaymentStatus (StatusName, Description) VALUES ('Status_75', 'Description for Status_75');
INSERT INTO PaymentStatus (StatusName, Description) VALUES ('Status_76', 'Description for Status_76');
INSERT INTO PaymentStatus (StatusName, Description) VALUES ('Status_77', 'Description for Status_77');
INSERT INTO PaymentStatus (StatusName, Description) VALUES ('Status_78', 'Description for Status_78');
INSERT INTO PaymentStatus (StatusName, Description) VALUES ('Status_79', 'Description for Status_79');
INSERT INTO PaymentStatus (StatusName, Description) VALUES ('Status_80', 'Description for Status_80');
INSERT INTO PaymentStatus (StatusName, Description) VALUES ('Status_81', 'Description for Status_81');
INSERT INTO PaymentStatus (StatusName, Description) VALUES ('Status_82', 'Description for Status_82');
INSERT INTO PaymentStatus (StatusName, Description) VALUES ('Status_83', 'Description for Status_83');
INSERT INTO PaymentStatus (StatusName, Description) VALUES ('Status_84', 'Description for Status_84');
INSERT INTO PaymentStatus (StatusName, Description) VALUES ('Status_85', 'Description for Status_85');
INSERT INTO PaymentStatus (StatusName, Description) VALUES ('Status_86', 'Description for Status_86');
INSERT INTO PaymentStatus (StatusName, Description) VALUES ('Status_87', 'Description for Status_87');
INSERT INTO PaymentStatus (StatusName, Description) VALUES ('Status_88', 'Description for Status_88');
INSERT INTO PaymentStatus (StatusName, Description) VALUES ('Status_89', 'Description for Status_89');
INSERT INTO PaymentStatus (StatusName, Description) VALUES ('Status_90', 'Description for Status_90');
INSERT INTO PaymentStatus (StatusName, Description) VALUES ('Status_91', 'Description for Status_91');
INSERT INTO PaymentStatus (StatusName, Description) VALUES ('Status_92', 'Description for Status_92');
INSERT INTO PaymentStatus (StatusName, Description) VALUES ('Status_93', 'Description for Status_93');
INSERT INTO PaymentStatus (StatusName, Description) VALUES ('Status_94', 'Description for Status_94');
INSERT INTO PaymentStatus (StatusName, Description) VALUES ('Status_95', 'Description for Status_95');
INSERT INTO PaymentStatus (StatusName, Description) VALUES ('Status_96', 'Description for Status_96');
INSERT INTO PaymentStatus (StatusName, Description) VALUES ('Status_97', 'Description for Status_97');
INSERT INTO PaymentStatus (StatusName, Description) VALUES ('Status_98', 'Description for Status_98');
INSERT INTO PaymentStatus (StatusName, Description) VALUES ('Status_99', 'Description for Status_99');
INSERT INTO PaymentStatus (StatusName, Description) VALUES ('Status_100', 'Description for Status_100');

INSERT INTO PaymentMethods (MethodName, Description) VALUES ('Method_1', 'Description of Method_1');
INSERT INTO PaymentMethods (MethodName, Description) VALUES ('Method_2', 'Description of Method_2');
INSERT INTO PaymentMethods (MethodName, Description) VALUES ('Method_3', 'Description of Method_3');
INSERT INTO PaymentMethods (MethodName, Description) VALUES ('Method_4', 'Description of Method_4');
INSERT INTO PaymentMethods (MethodName, Description) VALUES ('Method_5', 'Description of Method_5');
INSERT INTO PaymentMethods (MethodName, Description) VALUES ('Method_6', 'Description of Method_6');
INSERT INTO PaymentMethods (MethodName, Description) VALUES ('Method_7', 'Description of Method_7');
INSERT INTO PaymentMethods (MethodName, Description) VALUES ('Method_8', 'Description of Method_8');
INSERT INTO PaymentMethods (MethodName, Description) VALUES ('Method_9', 'Description of Method_9');
INSERT INTO PaymentMethods (MethodName, Description) VALUES ('Method_10', 'Description of Method_10');
INSERT INTO PaymentMethods (MethodName, Description) VALUES ('Method_11', 'Description of Method_11');
INSERT INTO PaymentMethods (MethodName, Description) VALUES ('Method_12', 'Description of Method_12');
INSERT INTO PaymentMethods (MethodName, Description) VALUES ('Method_13', 'Description of Method_13');
INSERT INTO PaymentMethods (MethodName, Description) VALUES ('Method_14', 'Description of Method_14');
INSERT INTO PaymentMethods (MethodName, Description) VALUES ('Method_15', 'Description of Method_15');
INSERT INTO PaymentMethods (MethodName, Description) VALUES ('Method_16', 'Description of Method_16');
INSERT INTO PaymentMethods (MethodName, Description) VALUES ('Method_17', 'Description of Method_17');
INSERT INTO PaymentMethods (MethodName, Description) VALUES ('Method_18', 'Description of Method_18');
INSERT INTO PaymentMethods (MethodName, Description) VALUES ('Method_19', 'Description of Method_19');
INSERT INTO PaymentMethods (MethodName, Description) VALUES ('Method_20', 'Description of Method_20');
INSERT INTO PaymentMethods (MethodName, Description) VALUES ('Method_21', 'Description of Method_21');
INSERT INTO PaymentMethods (MethodName, Description) VALUES ('Method_22', 'Description of Method_22');
INSERT INTO PaymentMethods (MethodName, Description) VALUES ('Method_23', 'Description of Method_23');
INSERT INTO PaymentMethods (MethodName, Description) VALUES ('Method_24', 'Description of Method_24');
INSERT INTO PaymentMethods (MethodName, Description) VALUES ('Method_25', 'Description of Method_25');
INSERT INTO PaymentMethods (MethodName, Description) VALUES ('Method_26', 'Description of Method_26');
INSERT INTO PaymentMethods (MethodName, Description) VALUES ('Method_27', 'Description of Method_27');
INSERT INTO PaymentMethods (MethodName, Description) VALUES ('Method_28', 'Description of Method_28');
INSERT INTO PaymentMethods (MethodName, Description) VALUES ('Method_29', 'Description of Method_29');
INSERT INTO PaymentMethods (MethodName, Description) VALUES ('Method_30', 'Description of Method_30');
INSERT INTO PaymentMethods (MethodName, Description) VALUES ('Method_31', 'Description of Method_31');
INSERT INTO PaymentMethods (MethodName, Description) VALUES ('Method_32', 'Description of Method_32');
INSERT INTO PaymentMethods (MethodName, Description) VALUES ('Method_33', 'Description of Method_33');
INSERT INTO PaymentMethods (MethodName, Description) VALUES ('Method_34', 'Description of Method_34');
INSERT INTO PaymentMethods (MethodName, Description) VALUES ('Method_35', 'Description of Method_35');
INSERT INTO PaymentMethods (MethodName, Description) VALUES ('Method_36', 'Description of Method_36');
INSERT INTO PaymentMethods (MethodName, Description) VALUES ('Method_37', 'Description of Method_37');
INSERT INTO PaymentMethods (MethodName, Description) VALUES ('Method_38', 'Description of Method_38');
INSERT INTO PaymentMethods (MethodName, Description) VALUES ('Method_39', 'Description of Method_39');
INSERT INTO PaymentMethods (MethodName, Description) VALUES ('Method_40', 'Description of Method_40');
INSERT INTO PaymentMethods (MethodName, Description) VALUES ('Method_41', 'Description of Method_41');
INSERT INTO PaymentMethods (MethodName, Description) VALUES ('Method_42', 'Description of Method_42');
INSERT INTO PaymentMethods (MethodName, Description) VALUES ('Method_43', 'Description of Method_43');
INSERT INTO PaymentMethods (MethodName, Description) VALUES ('Method_44', 'Description of Method_44');
INSERT INTO PaymentMethods (MethodName, Description) VALUES ('Method_45', 'Description of Method_45');
INSERT INTO PaymentMethods (MethodName, Description) VALUES ('Method_46', 'Description of Method_46');
INSERT INTO PaymentMethods (MethodName, Description) VALUES ('Method_47', 'Description of Method_47');
INSERT INTO PaymentMethods (MethodName, Description) VALUES ('Method_48', 'Description of Method_48');
INSERT INTO PaymentMethods (MethodName, Description) VALUES ('Method_49', 'Description of Method_49');
INSERT INTO PaymentMethods (MethodName, Description) VALUES ('Method_50', 'Description of Method_50');
INSERT INTO PaymentMethods (MethodName, Description) VALUES ('Method_51', 'Description of Method_51');
INSERT INTO PaymentMethods (MethodName, Description) VALUES ('Method_52', 'Description of Method_52');
INSERT INTO PaymentMethods (MethodName, Description) VALUES ('Method_53', 'Description of Method_53');
INSERT INTO PaymentMethods (MethodName, Description) VALUES ('Method_54', 'Description of Method_54');
INSERT INTO PaymentMethods (MethodName, Description) VALUES ('Method_55', 'Description of Method_55');
INSERT INTO PaymentMethods (MethodName, Description) VALUES ('Method_56', 'Description of Method_56');
INSERT INTO PaymentMethods (MethodName, Description) VALUES ('Method_57', 'Description of Method_57');
INSERT INTO PaymentMethods (MethodName, Description) VALUES ('Method_58', 'Description of Method_58');
INSERT INTO PaymentMethods (MethodName, Description) VALUES ('Method_59', 'Description of Method_59');
INSERT INTO PaymentMethods (MethodName, Description) VALUES ('Method_60', 'Description of Method_60');
INSERT INTO PaymentMethods (MethodName, Description) VALUES ('Method_61', 'Description of Method_61');
INSERT INTO PaymentMethods (MethodName, Description) VALUES ('Method_62', 'Description of Method_62');
INSERT INTO PaymentMethods (MethodName, Description) VALUES ('Method_63', 'Description of Method_63');
INSERT INTO PaymentMethods (MethodName, Description) VALUES ('Method_64', 'Description of Method_64');
INSERT INTO PaymentMethods (MethodName, Description) VALUES ('Method_65', 'Description of Method_65');
INSERT INTO PaymentMethods (MethodName, Description) VALUES ('Method_66', 'Description of Method_66');
INSERT INTO PaymentMethods (MethodName, Description) VALUES ('Method_67', 'Description of Method_67');
INSERT INTO PaymentMethods (MethodName, Description) VALUES ('Method_68', 'Description of Method_68');
INSERT INTO PaymentMethods (MethodName, Description) VALUES ('Method_69', 'Description of Method_69');
INSERT INTO PaymentMethods (MethodName, Description) VALUES ('Method_70', 'Description of Method_70');
INSERT INTO PaymentMethods (MethodName, Description) VALUES ('Method_71', 'Description of Method_71');
INSERT INTO PaymentMethods (MethodName, Description) VALUES ('Method_72', 'Description of Method_72');
INSERT INTO PaymentMethods (MethodName, Description) VALUES ('Method_73', 'Description of Method_73');
INSERT INTO PaymentMethods (MethodName, Description) VALUES ('Method_74', 'Description of Method_74');
INSERT INTO PaymentMethods (MethodName, Description) VALUES ('Method_75', 'Description of Method_75');
INSERT INTO PaymentMethods (MethodName, Description) VALUES ('Method_76', 'Description of Method_76');
INSERT INTO PaymentMethods (MethodName, Description) VALUES ('Method_77', 'Description of Method_77');
INSERT INTO PaymentMethods (MethodName, Description) VALUES ('Method_78', 'Description of Method_78');
INSERT INTO PaymentMethods (MethodName, Description) VALUES ('Method_79', 'Description of Method_79');
INSERT INTO PaymentMethods (MethodName, Description) VALUES ('Method_80', 'Description of Method_80');
INSERT INTO PaymentMethods (MethodName, Description) VALUES ('Method_81', 'Description of Method_81');
INSERT INTO PaymentMethods (MethodName, Description) VALUES ('Method_82', 'Description of Method_82');
INSERT INTO PaymentMethods (MethodName, Description) VALUES ('Method_83', 'Description of Method_83');
INSERT INTO PaymentMethods (MethodName, Description) VALUES ('Method_84', 'Description of Method_84');
INSERT INTO PaymentMethods (MethodName, Description) VALUES ('Method_85', 'Description of Method_85');
INSERT INTO PaymentMethods (MethodName, Description) VALUES ('Method_86', 'Description of Method_86');
INSERT INTO PaymentMethods (MethodName, Description) VALUES ('Method_87', 'Description of Method_87');
INSERT INTO PaymentMethods (MethodName, Description) VALUES ('Method_88', 'Description of Method_88');
INSERT INTO PaymentMethods (MethodName, Description) VALUES ('Method_89', 'Description of Method_89');
INSERT INTO PaymentMethods (MethodName, Description) VALUES ('Method_90', 'Description of Method_90');
INSERT INTO PaymentMethods (MethodName, Description) VALUES ('Method_91', 'Description of Method_91');
INSERT INTO PaymentMethods (MethodName, Description) VALUES ('Method_92', 'Description of Method_92');
INSERT INTO PaymentMethods (MethodName, Description) VALUES ('Method_93', 'Description of Method_93');
INSERT INTO PaymentMethods (MethodName, Description) VALUES ('Method_94', 'Description of Method_94');
INSERT INTO PaymentMethods (MethodName, Description) VALUES ('Method_95', 'Description of Method_95');
INSERT INTO PaymentMethods (MethodName, Description) VALUES ('Method_96', 'Description of Method_96');
INSERT INTO PaymentMethods (MethodName, Description) VALUES ('Method_97', 'Description of Method_97');
INSERT INTO PaymentMethods (MethodName, Description) VALUES ('Method_98', 'Description of Method_98');
INSERT INTO PaymentMethods (MethodName, Description) VALUES ('Method_99', 'Description of Method_99');
INSERT INTO PaymentMethods (MethodName, Description) VALUES ('Method_100', 'Description of Method_100');

INSERT INTO Payments (InvoiceID, PaymentAmount, PaymentDate, PaymentMethod, PaymentStatus, PaymentReference) VALUES (65, 2930.81, '2023-12-10', 20, 87, 'PAY-477963');
INSERT INTO Payments (InvoiceID, PaymentAmount, PaymentDate, PaymentMethod, PaymentStatus, PaymentReference) VALUES (9, 3310.59, '2023-04-26', 80, 56, 'PAY-320711');
INSERT INTO Payments (InvoiceID, PaymentAmount, PaymentDate, PaymentMethod, PaymentStatus, PaymentReference) VALUES (20, 4331.51, '2023-10-04', 7, 58, 'PAY-271623');
INSERT INTO Payments (InvoiceID, PaymentAmount, PaymentDate, PaymentMethod, PaymentStatus, PaymentReference) VALUES (11, 1307.33, '2023-03-25', 1, 63, 'PAY-153671');
INSERT INTO Payments (InvoiceID, PaymentAmount, PaymentDate, PaymentMethod, PaymentStatus, PaymentReference) VALUES (36, 3345.09, '2023-01-18', 43, 100, 'PAY-182091');
INSERT INTO Payments (InvoiceID, PaymentAmount, PaymentDate, PaymentMethod, PaymentStatus, PaymentReference) VALUES (12, 1718.66, '2023-04-20', 48, 55, 'PAY-933496');
INSERT INTO Payments (InvoiceID, PaymentAmount, PaymentDate, PaymentMethod, PaymentStatus, PaymentReference) VALUES (38, 4267.24, '2023-01-14', 75, 48, 'PAY-573760');
INSERT INTO Payments (InvoiceID, PaymentAmount, PaymentDate, PaymentMethod, PaymentStatus, PaymentReference) VALUES (83, 929.96, '2023-09-08', 58, 57, 'PAY-143656');
INSERT INTO Payments (InvoiceID, PaymentAmount, PaymentDate, PaymentMethod, PaymentStatus, PaymentReference) VALUES (70, 1692.79, '2023-07-13', 48, 56, 'PAY-318969');
INSERT INTO Payments (InvoiceID, PaymentAmount, PaymentDate, PaymentMethod, PaymentStatus, PaymentReference) VALUES (13, 793.51, '2023-05-11', 1, 92, 'PAY-516176');
INSERT INTO Payments (InvoiceID, PaymentAmount, PaymentDate, PaymentMethod, PaymentStatus, PaymentReference) VALUES (8, 345.81, '2023-05-23', 18, 15, 'PAY-406363');
INSERT INTO Payments (InvoiceID, PaymentAmount, PaymentDate, PaymentMethod, PaymentStatus, PaymentReference) VALUES (67, 1020.2, '2023-03-03', 27, 49, 'PAY-788030');
INSERT INTO Payments (InvoiceID, PaymentAmount, PaymentDate, PaymentMethod, PaymentStatus, PaymentReference) VALUES (70, 2440.18, '2023-02-12', 20, 54, 'PAY-854025');
INSERT INTO Payments (InvoiceID, PaymentAmount, PaymentDate, PaymentMethod, PaymentStatus, PaymentReference) VALUES (14, 155.29, '2023-07-02', 99, 14, 'PAY-838296');
INSERT INTO Payments (InvoiceID, PaymentAmount, PaymentDate, PaymentMethod, PaymentStatus, PaymentReference) VALUES (25, 3485.83, '2023-07-05', 38, 39, 'PAY-982763');
INSERT INTO Payments (InvoiceID, PaymentAmount, PaymentDate, PaymentMethod, PaymentStatus, PaymentReference) VALUES (11, 217.15, '2023-11-14', 11, 74, 'PAY-616268');
INSERT INTO Payments (InvoiceID, PaymentAmount, PaymentDate, PaymentMethod, PaymentStatus, PaymentReference) VALUES (61, 3644.45, '2023-06-12', 9, 44, 'PAY-101255');
INSERT INTO Payments (InvoiceID, PaymentAmount, PaymentDate, PaymentMethod, PaymentStatus, PaymentReference) VALUES (84, 3746.45, '2023-05-27', 71, 66, 'PAY-841210');
INSERT INTO Payments (InvoiceID, PaymentAmount, PaymentDate, PaymentMethod, PaymentStatus, PaymentReference) VALUES (12, 2788.98, '2023-07-24', 99, 56, 'PAY-851178');
INSERT INTO Payments (InvoiceID, PaymentAmount, PaymentDate, PaymentMethod, PaymentStatus, PaymentReference) VALUES (62, 4984.89, '2023-09-18', 15, 99, 'PAY-982290');
INSERT INTO Payments (InvoiceID, PaymentAmount, PaymentDate, PaymentMethod, PaymentStatus, PaymentReference) VALUES (37, 1101.37, '2023-09-09', 94, 48, 'PAY-796653');
INSERT INTO Payments (InvoiceID, PaymentAmount, PaymentDate, PaymentMethod, PaymentStatus, PaymentReference) VALUES (65, 3225.36, '2023-09-28', 13, 11, 'PAY-719001');
INSERT INTO Payments (InvoiceID, PaymentAmount, PaymentDate, PaymentMethod, PaymentStatus, PaymentReference) VALUES (77, 3573.91, '2023-07-07', 25, 9, 'PAY-884273');
INSERT INTO Payments (InvoiceID, PaymentAmount, PaymentDate, PaymentMethod, PaymentStatus, PaymentReference) VALUES (1, 4151.94, '2023-06-05', 66, 1, 'PAY-386634');
INSERT INTO Payments (InvoiceID, PaymentAmount, PaymentDate, PaymentMethod, PaymentStatus, PaymentReference) VALUES (69, 1314.35, '2023-10-21', 1, 2, 'PAY-362235');
INSERT INTO Payments (InvoiceID, PaymentAmount, PaymentDate, PaymentMethod, PaymentStatus, PaymentReference) VALUES (57, 239.43, '2023-03-17', 67, 61, 'PAY-385679');
INSERT INTO Payments (InvoiceID, PaymentAmount, PaymentDate, PaymentMethod, PaymentStatus, PaymentReference) VALUES (96, 4897.48, '2023-07-14', 11, 92, 'PAY-329534');
INSERT INTO Payments (InvoiceID, PaymentAmount, PaymentDate, PaymentMethod, PaymentStatus, PaymentReference) VALUES (76, 1899.02, '2023-09-12', 72, 76, 'PAY-255252');
INSERT INTO Payments (InvoiceID, PaymentAmount, PaymentDate, PaymentMethod, PaymentStatus, PaymentReference) VALUES (41, 4975.14, '2023-06-05', 62, 80, 'PAY-807010');
INSERT INTO Payments (InvoiceID, PaymentAmount, PaymentDate, PaymentMethod, PaymentStatus, PaymentReference) VALUES (7, 4475.6, '2023-11-02', 68, 18, 'PAY-535905');
INSERT INTO Payments (InvoiceID, PaymentAmount, PaymentDate, PaymentMethod, PaymentStatus, PaymentReference) VALUES (3, 1553.46, '2023-10-24', 32, 86, 'PAY-283679');
INSERT INTO Payments (InvoiceID, PaymentAmount, PaymentDate, PaymentMethod, PaymentStatus, PaymentReference) VALUES (55, 3971.49, '2023-05-23', 70, 75, 'PAY-522614');
INSERT INTO Payments (InvoiceID, PaymentAmount, PaymentDate, PaymentMethod, PaymentStatus, PaymentReference) VALUES (30, 1860.42, '2023-09-12', 95, 36, 'PAY-989157');
INSERT INTO Payments (InvoiceID, PaymentAmount, PaymentDate, PaymentMethod, PaymentStatus, PaymentReference) VALUES (46, 3757.32, '2023-08-15', 75, 83, 'PAY-685209');
INSERT INTO Payments (InvoiceID, PaymentAmount, PaymentDate, PaymentMethod, PaymentStatus, PaymentReference) VALUES (2, 4363.2, '2023-04-09', 11, 10, 'PAY-177743');
INSERT INTO Payments (InvoiceID, PaymentAmount, PaymentDate, PaymentMethod, PaymentStatus, PaymentReference) VALUES (22, 3597.04, '2023-07-11', 87, 74, 'PAY-147342');
INSERT INTO Payments (InvoiceID, PaymentAmount, PaymentDate, PaymentMethod, PaymentStatus, PaymentReference) VALUES (41, 629.68, '2023-12-14', 30, 10, 'PAY-835573');
INSERT INTO Payments (InvoiceID, PaymentAmount, PaymentDate, PaymentMethod, PaymentStatus, PaymentReference) VALUES (79, 842.13, '2023-01-08', 51, 52, 'PAY-632843');
INSERT INTO Payments (InvoiceID, PaymentAmount, PaymentDate, PaymentMethod, PaymentStatus, PaymentReference) VALUES (17, 4263.23, '2023-10-08', 57, 37, 'PAY-103752');
INSERT INTO Payments (InvoiceID, PaymentAmount, PaymentDate, PaymentMethod, PaymentStatus, PaymentReference) VALUES (69, 3151.24, '2023-09-01', 37, 27, 'PAY-222921');
INSERT INTO Payments (InvoiceID, PaymentAmount, PaymentDate, PaymentMethod, PaymentStatus, PaymentReference) VALUES (75, 1216.41, '2023-07-17', 47, 71, 'PAY-856709');
INSERT INTO Payments (InvoiceID, PaymentAmount, PaymentDate, PaymentMethod, PaymentStatus, PaymentReference) VALUES (63, 3032.49, '2023-05-26', 77, 11, 'PAY-958705');
INSERT INTO Payments (InvoiceID, PaymentAmount, PaymentDate, PaymentMethod, PaymentStatus, PaymentReference) VALUES (21, 230.18, '2023-11-23', 38, 81, 'PAY-189602');
INSERT INTO Payments (InvoiceID, PaymentAmount, PaymentDate, PaymentMethod, PaymentStatus, PaymentReference) VALUES (95, 3619.39, '2023-08-03', 94, 72, 'PAY-994703');
INSERT INTO Payments (InvoiceID, PaymentAmount, PaymentDate, PaymentMethod, PaymentStatus, PaymentReference) VALUES (82, 3125.45, '2023-11-25', 10, 44, 'PAY-164484');
INSERT INTO Payments (InvoiceID, PaymentAmount, PaymentDate, PaymentMethod, PaymentStatus, PaymentReference) VALUES (36, 727.72, '2023-12-28', 50, 62, 'PAY-279839');
INSERT INTO Payments (InvoiceID, PaymentAmount, PaymentDate, PaymentMethod, PaymentStatus, PaymentReference) VALUES (19, 4212.67, '2023-11-16', 83, 70, 'PAY-820104');
INSERT INTO Payments (InvoiceID, PaymentAmount, PaymentDate, PaymentMethod, PaymentStatus, PaymentReference) VALUES (73, 2881.85, '2023-07-11', 44, 35, 'PAY-150811');
INSERT INTO Payments (InvoiceID, PaymentAmount, PaymentDate, PaymentMethod, PaymentStatus, PaymentReference) VALUES (38, 4689.66, '2023-08-01', 47, 1, 'PAY-105887');
INSERT INTO Payments (InvoiceID, PaymentAmount, PaymentDate, PaymentMethod, PaymentStatus, PaymentReference) VALUES (2, 1307.55, '2023-12-17', 59, 9, 'PAY-344433');
INSERT INTO Payments (InvoiceID, PaymentAmount, PaymentDate, PaymentMethod, PaymentStatus, PaymentReference) VALUES (53, 4367.96, '2023-05-24', 2, 46, 'PAY-660270');
INSERT INTO Payments (InvoiceID, PaymentAmount, PaymentDate, PaymentMethod, PaymentStatus, PaymentReference) VALUES (70, 4494.74, '2023-10-11', 77, 3, 'PAY-547697');
INSERT INTO Payments (InvoiceID, PaymentAmount, PaymentDate, PaymentMethod, PaymentStatus, PaymentReference) VALUES (45, 3064.25, '2023-07-09', 70, 49, 'PAY-165306');
INSERT INTO Payments (InvoiceID, PaymentAmount, PaymentDate, PaymentMethod, PaymentStatus, PaymentReference) VALUES (65, 277.25, '2023-12-26', 42, 45, 'PAY-235788');
INSERT INTO Payments (InvoiceID, PaymentAmount, PaymentDate, PaymentMethod, PaymentStatus, PaymentReference) VALUES (92, 4843.15, '2023-09-12', 14, 33, 'PAY-773624');
INSERT INTO Payments (InvoiceID, PaymentAmount, PaymentDate, PaymentMethod, PaymentStatus, PaymentReference) VALUES (3, 1004.34, '2023-07-09', 29, 14, 'PAY-614267');
INSERT INTO Payments (InvoiceID, PaymentAmount, PaymentDate, PaymentMethod, PaymentStatus, PaymentReference) VALUES (6, 1640.21, '2023-05-01', 77, 80, 'PAY-976538');
INSERT INTO Payments (InvoiceID, PaymentAmount, PaymentDate, PaymentMethod, PaymentStatus, PaymentReference) VALUES (44, 1044.31, '2023-09-14', 60, 85, 'PAY-633663');
INSERT INTO Payments (InvoiceID, PaymentAmount, PaymentDate, PaymentMethod, PaymentStatus, PaymentReference) VALUES (72, 3026.86, '2023-12-18', 73, 6, 'PAY-131844');
INSERT INTO Payments (InvoiceID, PaymentAmount, PaymentDate, PaymentMethod, PaymentStatus, PaymentReference) VALUES (75, 1879.07, '2023-04-11', 64, 82, 'PAY-717011');
INSERT INTO Payments (InvoiceID, PaymentAmount, PaymentDate, PaymentMethod, PaymentStatus, PaymentReference) VALUES (96, 3120.34, '2023-05-14', 63, 33, 'PAY-845372');
INSERT INTO Payments (InvoiceID, PaymentAmount, PaymentDate, PaymentMethod, PaymentStatus, PaymentReference) VALUES (66, 3224.6, '2023-05-24', 6, 27, 'PAY-878060');
INSERT INTO Payments (InvoiceID, PaymentAmount, PaymentDate, PaymentMethod, PaymentStatus, PaymentReference) VALUES (94, 704.13, '2023-12-18', 39, 18, 'PAY-638816');
INSERT INTO Payments (InvoiceID, PaymentAmount, PaymentDate, PaymentMethod, PaymentStatus, PaymentReference) VALUES (13, 3089.7, '2023-12-28', 82, 10, 'PAY-618287');
INSERT INTO Payments (InvoiceID, PaymentAmount, PaymentDate, PaymentMethod, PaymentStatus, PaymentReference) VALUES (26, 4629.73, '2023-01-07', 61, 90, 'PAY-511694');
INSERT INTO Payments (InvoiceID, PaymentAmount, PaymentDate, PaymentMethod, PaymentStatus, PaymentReference) VALUES (17, 543.45, '2023-12-17', 2, 51, 'PAY-386183');
INSERT INTO Payments (InvoiceID, PaymentAmount, PaymentDate, PaymentMethod, PaymentStatus, PaymentReference) VALUES (25, 1771.45, '2023-11-02', 71, 53, 'PAY-938761');
INSERT INTO Payments (InvoiceID, PaymentAmount, PaymentDate, PaymentMethod, PaymentStatus, PaymentReference) VALUES (78, 1387.84, '2023-03-09', 98, 21, 'PAY-337362');
INSERT INTO Payments (InvoiceID, PaymentAmount, PaymentDate, PaymentMethod, PaymentStatus, PaymentReference) VALUES (81, 3516.28, '2023-11-02', 56, 6, 'PAY-462415');
INSERT INTO Payments (InvoiceID, PaymentAmount, PaymentDate, PaymentMethod, PaymentStatus, PaymentReference) VALUES (18, 982.24, '2023-10-03', 33, 87, 'PAY-963755');
INSERT INTO Payments (InvoiceID, PaymentAmount, PaymentDate, PaymentMethod, PaymentStatus, PaymentReference) VALUES (41, 4186.6, '2023-11-08', 21, 21, 'PAY-706441');
INSERT INTO Payments (InvoiceID, PaymentAmount, PaymentDate, PaymentMethod, PaymentStatus, PaymentReference) VALUES (90, 3326.43, '2023-09-21', 25, 27, 'PAY-254732');
INSERT INTO Payments (InvoiceID, PaymentAmount, PaymentDate, PaymentMethod, PaymentStatus, PaymentReference) VALUES (70, 2018.32, '2023-09-28', 69, 83, 'PAY-407238');
INSERT INTO Payments (InvoiceID, PaymentAmount, PaymentDate, PaymentMethod, PaymentStatus, PaymentReference) VALUES (71, 745.22, '2023-07-01', 36, 74, 'PAY-840610');
INSERT INTO Payments (InvoiceID, PaymentAmount, PaymentDate, PaymentMethod, PaymentStatus, PaymentReference) VALUES (54, 2178.61, '2023-03-27', 1, 27, 'PAY-208932');
INSERT INTO Payments (InvoiceID, PaymentAmount, PaymentDate, PaymentMethod, PaymentStatus, PaymentReference) VALUES (94, 3646.04, '2023-01-28', 58, 44, 'PAY-392317');
INSERT INTO Payments (InvoiceID, PaymentAmount, PaymentDate, PaymentMethod, PaymentStatus, PaymentReference) VALUES (77, 2760.84, '2023-03-04', 6, 68, 'PAY-248934');
INSERT INTO Payments (InvoiceID, PaymentAmount, PaymentDate, PaymentMethod, PaymentStatus, PaymentReference) VALUES (42, 4302.23, '2023-05-06', 58, 94, 'PAY-918085');
INSERT INTO Payments (InvoiceID, PaymentAmount, PaymentDate, PaymentMethod, PaymentStatus, PaymentReference) VALUES (21, 3807.55, '2023-06-07', 32, 21, 'PAY-897522');
INSERT INTO Payments (InvoiceID, PaymentAmount, PaymentDate, PaymentMethod, PaymentStatus, PaymentReference) VALUES (40, 3586.58, '2023-05-18', 32, 96, 'PAY-532993');
INSERT INTO Payments (InvoiceID, PaymentAmount, PaymentDate, PaymentMethod, PaymentStatus, PaymentReference) VALUES (4, 1083.53, '2023-02-26', 66, 35, 'PAY-670731');
INSERT INTO Payments (InvoiceID, PaymentAmount, PaymentDate, PaymentMethod, PaymentStatus, PaymentReference) VALUES (99, 3039.86, '2023-07-14', 88, 92, 'PAY-130788');
INSERT INTO Payments (InvoiceID, PaymentAmount, PaymentDate, PaymentMethod, PaymentStatus, PaymentReference) VALUES (47, 1590.25, '2023-07-06', 15, 7, 'PAY-826674');
INSERT INTO Payments (InvoiceID, PaymentAmount, PaymentDate, PaymentMethod, PaymentStatus, PaymentReference) VALUES (3, 4346.34, '2023-10-23', 72, 48, 'PAY-365290');
INSERT INTO Payments (InvoiceID, PaymentAmount, PaymentDate, PaymentMethod, PaymentStatus, PaymentReference) VALUES (66, 954.56, '2023-02-25', 15, 28, 'PAY-847324');
INSERT INTO Payments (InvoiceID, PaymentAmount, PaymentDate, PaymentMethod, PaymentStatus, PaymentReference) VALUES (88, 1746.92, '2023-03-26', 65, 91, 'PAY-927118');
INSERT INTO Payments (InvoiceID, PaymentAmount, PaymentDate, PaymentMethod, PaymentStatus, PaymentReference) VALUES (42, 1361.46, '2023-07-03', 93, 83, 'PAY-993673');
INSERT INTO Payments (InvoiceID, PaymentAmount, PaymentDate, PaymentMethod, PaymentStatus, PaymentReference) VALUES (15, 3077.7, '2023-06-01', 72, 99, 'PAY-304805');
INSERT INTO Payments (InvoiceID, PaymentAmount, PaymentDate, PaymentMethod, PaymentStatus, PaymentReference) VALUES (92, 2365.28, '2023-11-25', 73, 17, 'PAY-882411');
INSERT INTO Payments (InvoiceID, PaymentAmount, PaymentDate, PaymentMethod, PaymentStatus, PaymentReference) VALUES (96, 3859.73, '2023-09-14', 14, 12, 'PAY-882326');
INSERT INTO Payments (InvoiceID, PaymentAmount, PaymentDate, PaymentMethod, PaymentStatus, PaymentReference) VALUES (48, 4853.65, '2023-03-26', 30, 88, 'PAY-210798');
INSERT INTO Payments (InvoiceID, PaymentAmount, PaymentDate, PaymentMethod, PaymentStatus, PaymentReference) VALUES (73, 4681.85, '2023-05-05', 98, 87, 'PAY-875070');
INSERT INTO Payments (InvoiceID, PaymentAmount, PaymentDate, PaymentMethod, PaymentStatus, PaymentReference) VALUES (27, 1131.69, '2023-12-25', 76, 66, 'PAY-193632');
INSERT INTO Payments (InvoiceID, PaymentAmount, PaymentDate, PaymentMethod, PaymentStatus, PaymentReference) VALUES (47, 4068.83, '2023-04-02', 48, 65, 'PAY-682577');
INSERT INTO Payments (InvoiceID, PaymentAmount, PaymentDate, PaymentMethod, PaymentStatus, PaymentReference) VALUES (26, 1452.49, '2023-09-09', 77, 83, 'PAY-645393');
INSERT INTO Payments (InvoiceID, PaymentAmount, PaymentDate, PaymentMethod, PaymentStatus, PaymentReference) VALUES (1, 2903.77, '2023-04-11', 71, 53, 'PAY-860629');
INSERT INTO Payments (InvoiceID, PaymentAmount, PaymentDate, PaymentMethod, PaymentStatus, PaymentReference) VALUES (68, 1204.73, '2023-09-12', 50, 90, 'PAY-491732');
INSERT INTO Payments (InvoiceID, PaymentAmount, PaymentDate, PaymentMethod, PaymentStatus, PaymentReference) VALUES (9, 3106.55, '2023-07-23', 67, 59, 'PAY-574269');
INSERT INTO Payments (InvoiceID, PaymentAmount, PaymentDate, PaymentMethod, PaymentStatus, PaymentReference) VALUES (95, 2644.41, '2023-05-28', 66, 72, 'PAY-282355');
INSERT INTO Payments (InvoiceID, PaymentAmount, PaymentDate, PaymentMethod, PaymentStatus, PaymentReference) VALUES (56, 2803.05, '2023-05-21', 65, 74, 'PAY-466653');

INSERT INTO PaymentLogs (Timestamp, LogMessage) VALUES ('2025-02-14 15:09:10', 'Payment log entry 1');
INSERT INTO PaymentLogs (Timestamp, LogMessage) VALUES ('2025-02-14 15:09:10', 'Payment log entry 2');
INSERT INTO PaymentLogs (Timestamp, LogMessage) VALUES ('2025-02-14 15:09:10', 'Payment log entry 3');
INSERT INTO PaymentLogs (Timestamp, LogMessage) VALUES ('2025-02-14 15:09:10', 'Payment log entry 4');
INSERT INTO PaymentLogs (Timestamp, LogMessage) VALUES ('2025-02-14 15:09:10', 'Payment log entry 5');
INSERT INTO PaymentLogs (Timestamp, LogMessage) VALUES ('2025-02-14 15:09:10', 'Payment log entry 6');
INSERT INTO PaymentLogs (Timestamp, LogMessage) VALUES ('2025-02-14 15:09:10', 'Payment log entry 7');
INSERT INTO PaymentLogs (Timestamp, LogMessage) VALUES ('2025-02-14 15:09:10', 'Payment log entry 8');
INSERT INTO PaymentLogs (Timestamp, LogMessage) VALUES ('2025-02-14 15:09:10', 'Payment log entry 9');
INSERT INTO PaymentLogs (Timestamp, LogMessage) VALUES ('2025-02-14 15:09:10', 'Payment log entry 10');
INSERT INTO PaymentLogs (Timestamp, LogMessage) VALUES ('2025-02-14 15:09:10', 'Payment log entry 11');
INSERT INTO PaymentLogs (Timestamp, LogMessage) VALUES ('2025-02-14 15:09:10', 'Payment log entry 12');
INSERT INTO PaymentLogs (Timestamp, LogMessage) VALUES ('2025-02-14 15:09:10', 'Payment log entry 13');
INSERT INTO PaymentLogs (Timestamp, LogMessage) VALUES ('2025-02-14 15:09:10', 'Payment log entry 14');
INSERT INTO PaymentLogs (Timestamp, LogMessage) VALUES ('2025-02-14 15:09:10', 'Payment log entry 15');
INSERT INTO PaymentLogs (Timestamp, LogMessage) VALUES ('2025-02-14 15:09:10', 'Payment log entry 16');
INSERT INTO PaymentLogs (Timestamp, LogMessage) VALUES ('2025-02-14 15:09:10', 'Payment log entry 17');
INSERT INTO PaymentLogs (Timestamp, LogMessage) VALUES ('2025-02-14 15:09:10', 'Payment log entry 18');
INSERT INTO PaymentLogs (Timestamp, LogMessage) VALUES ('2025-02-14 15:09:10', 'Payment log entry 19');
INSERT INTO PaymentLogs (Timestamp, LogMessage) VALUES ('2025-02-14 15:09:10', 'Payment log entry 20');
INSERT INTO PaymentLogs (Timestamp, LogMessage) VALUES ('2025-02-14 15:09:10', 'Payment log entry 21');
INSERT INTO PaymentLogs (Timestamp, LogMessage) VALUES ('2025-02-14 15:09:10', 'Payment log entry 22');
INSERT INTO PaymentLogs (Timestamp, LogMessage) VALUES ('2025-02-14 15:09:10', 'Payment log entry 23');
INSERT INTO PaymentLogs (Timestamp, LogMessage) VALUES ('2025-02-14 15:09:10', 'Payment log entry 24');
INSERT INTO PaymentLogs (Timestamp, LogMessage) VALUES ('2025-02-14 15:09:10', 'Payment log entry 25');
INSERT INTO PaymentLogs (Timestamp, LogMessage) VALUES ('2025-02-14 15:09:10', 'Payment log entry 26');
INSERT INTO PaymentLogs (Timestamp, LogMessage) VALUES ('2025-02-14 15:09:10', 'Payment log entry 27');
INSERT INTO PaymentLogs (Timestamp, LogMessage) VALUES ('2025-02-14 15:09:10', 'Payment log entry 28');
INSERT INTO PaymentLogs (Timestamp, LogMessage) VALUES ('2025-02-14 15:09:10', 'Payment log entry 29');
INSERT INTO PaymentLogs (Timestamp, LogMessage) VALUES ('2025-02-14 15:09:10', 'Payment log entry 30');
INSERT INTO PaymentLogs (Timestamp, LogMessage) VALUES ('2025-02-14 15:09:10', 'Payment log entry 31');
INSERT INTO PaymentLogs (Timestamp, LogMessage) VALUES ('2025-02-14 15:09:10', 'Payment log entry 32');
INSERT INTO PaymentLogs (Timestamp, LogMessage) VALUES ('2025-02-14 15:09:10', 'Payment log entry 33');
INSERT INTO PaymentLogs (Timestamp, LogMessage) VALUES ('2025-02-14 15:09:10', 'Payment log entry 34');
INSERT INTO PaymentLogs (Timestamp, LogMessage) VALUES ('2025-02-14 15:09:10', 'Payment log entry 35');
INSERT INTO PaymentLogs (Timestamp, LogMessage) VALUES ('2025-02-14 15:09:10', 'Payment log entry 36');
INSERT INTO PaymentLogs (Timestamp, LogMessage) VALUES ('2025-02-14 15:09:10', 'Payment log entry 37');
INSERT INTO PaymentLogs (Timestamp, LogMessage) VALUES ('2025-02-14 15:09:10', 'Payment log entry 38');
INSERT INTO PaymentLogs (Timestamp, LogMessage) VALUES ('2025-02-14 15:09:10', 'Payment log entry 39');
INSERT INTO PaymentLogs (Timestamp, LogMessage) VALUES ('2025-02-14 15:09:10', 'Payment log entry 40');
INSERT INTO PaymentLogs (Timestamp, LogMessage) VALUES ('2025-02-14 15:09:10', 'Payment log entry 41');
INSERT INTO PaymentLogs (Timestamp, LogMessage) VALUES ('2025-02-14 15:09:10', 'Payment log entry 42');
INSERT INTO PaymentLogs (Timestamp, LogMessage) VALUES ('2025-02-14 15:09:10', 'Payment log entry 43');
INSERT INTO PaymentLogs (Timestamp, LogMessage) VALUES ('2025-02-14 15:09:10', 'Payment log entry 44');
INSERT INTO PaymentLogs (Timestamp, LogMessage) VALUES ('2025-02-14 15:09:10', 'Payment log entry 45');
INSERT INTO PaymentLogs (Timestamp, LogMessage) VALUES ('2025-02-14 15:09:10', 'Payment log entry 46');
INSERT INTO PaymentLogs (Timestamp, LogMessage) VALUES ('2025-02-14 15:09:10', 'Payment log entry 47');
INSERT INTO PaymentLogs (Timestamp, LogMessage) VALUES ('2025-02-14 15:09:10', 'Payment log entry 48');
INSERT INTO PaymentLogs (Timestamp, LogMessage) VALUES ('2025-02-14 15:09:10', 'Payment log entry 49');
INSERT INTO PaymentLogs (Timestamp, LogMessage) VALUES ('2025-02-14 15:09:10', 'Payment log entry 50');
INSERT INTO PaymentLogs (Timestamp, LogMessage) VALUES ('2025-02-14 15:09:10', 'Payment log entry 51');
INSERT INTO PaymentLogs (Timestamp, LogMessage) VALUES ('2025-02-14 15:09:10', 'Payment log entry 52');
INSERT INTO PaymentLogs (Timestamp, LogMessage) VALUES ('2025-02-14 15:09:10', 'Payment log entry 53');
INSERT INTO PaymentLogs (Timestamp, LogMessage) VALUES ('2025-02-14 15:09:10', 'Payment log entry 54');
INSERT INTO PaymentLogs (Timestamp, LogMessage) VALUES ('2025-02-14 15:09:10', 'Payment log entry 55');
INSERT INTO PaymentLogs (Timestamp, LogMessage) VALUES ('2025-02-14 15:09:10', 'Payment log entry 56');
INSERT INTO PaymentLogs (Timestamp, LogMessage) VALUES ('2025-02-14 15:09:10', 'Payment log entry 57');
INSERT INTO PaymentLogs (Timestamp, LogMessage) VALUES ('2025-02-14 15:09:10', 'Payment log entry 58');
INSERT INTO PaymentLogs (Timestamp, LogMessage) VALUES ('2025-02-14 15:09:10', 'Payment log entry 59');
INSERT INTO PaymentLogs (Timestamp, LogMessage) VALUES ('2025-02-14 15:09:10', 'Payment log entry 60');
INSERT INTO PaymentLogs (Timestamp, LogMessage) VALUES ('2025-02-14 15:09:10', 'Payment log entry 61');
INSERT INTO PaymentLogs (Timestamp, LogMessage) VALUES ('2025-02-14 15:09:10', 'Payment log entry 62');
INSERT INTO PaymentLogs (Timestamp, LogMessage) VALUES ('2025-02-14 15:09:10', 'Payment log entry 63');
INSERT INTO PaymentLogs (Timestamp, LogMessage) VALUES ('2025-02-14 15:09:10', 'Payment log entry 64');
INSERT INTO PaymentLogs (Timestamp, LogMessage) VALUES ('2025-02-14 15:09:10', 'Payment log entry 65');
INSERT INTO PaymentLogs (Timestamp, LogMessage) VALUES ('2025-02-14 15:09:10', 'Payment log entry 66');
INSERT INTO PaymentLogs (Timestamp, LogMessage) VALUES ('2025-02-14 15:09:10', 'Payment log entry 67');
INSERT INTO PaymentLogs (Timestamp, LogMessage) VALUES ('2025-02-14 15:09:10', 'Payment log entry 68');
INSERT INTO PaymentLogs (Timestamp, LogMessage) VALUES ('2025-02-14 15:09:10', 'Payment log entry 69');
INSERT INTO PaymentLogs (Timestamp, LogMessage) VALUES ('2025-02-14 15:09:10', 'Payment log entry 70');
INSERT INTO PaymentLogs (Timestamp, LogMessage) VALUES ('2025-02-14 15:09:10', 'Payment log entry 71');
INSERT INTO PaymentLogs (Timestamp, LogMessage) VALUES ('2025-02-14 15:09:10', 'Payment log entry 72');
INSERT INTO PaymentLogs (Timestamp, LogMessage) VALUES ('2025-02-14 15:09:10', 'Payment log entry 73');
INSERT INTO PaymentLogs (Timestamp, LogMessage) VALUES ('2025-02-14 15:09:10', 'Payment log entry 74');
INSERT INTO PaymentLogs (Timestamp, LogMessage) VALUES ('2025-02-14 15:09:10', 'Payment log entry 75');
INSERT INTO PaymentLogs (Timestamp, LogMessage) VALUES ('2025-02-14 15:09:10', 'Payment log entry 76');
INSERT INTO PaymentLogs (Timestamp, LogMessage) VALUES ('2025-02-14 15:09:10', 'Payment log entry 77');
INSERT INTO PaymentLogs (Timestamp, LogMessage) VALUES ('2025-02-14 15:09:10', 'Payment log entry 78');
INSERT INTO PaymentLogs (Timestamp, LogMessage) VALUES ('2025-02-14 15:09:10', 'Payment log entry 79');
INSERT INTO PaymentLogs (Timestamp, LogMessage) VALUES ('2025-02-14 15:09:10', 'Payment log entry 80');
INSERT INTO PaymentLogs (Timestamp, LogMessage) VALUES ('2025-02-14 15:09:10', 'Payment log entry 81');
INSERT INTO PaymentLogs (Timestamp, LogMessage) VALUES ('2025-02-14 15:09:10', 'Payment log entry 82');
INSERT INTO PaymentLogs (Timestamp, LogMessage) VALUES ('2025-02-14 15:09:10', 'Payment log entry 83');
INSERT INTO PaymentLogs (Timestamp, LogMessage) VALUES ('2025-02-14 15:09:10', 'Payment log entry 84');
INSERT INTO PaymentLogs (Timestamp, LogMessage) VALUES ('2025-02-14 15:09:10', 'Payment log entry 85');
INSERT INTO PaymentLogs (Timestamp, LogMessage) VALUES ('2025-02-14 15:09:10', 'Payment log entry 86');
INSERT INTO PaymentLogs (Timestamp, LogMessage) VALUES ('2025-02-14 15:09:10', 'Payment log entry 87');
INSERT INTO PaymentLogs (Timestamp, LogMessage) VALUES ('2025-02-14 15:09:10', 'Payment log entry 88');
INSERT INTO PaymentLogs (Timestamp, LogMessage) VALUES ('2025-02-14 15:09:10', 'Payment log entry 89');
INSERT INTO PaymentLogs (Timestamp, LogMessage) VALUES ('2025-02-14 15:09:10', 'Payment log entry 90');
INSERT INTO PaymentLogs (Timestamp, LogMessage) VALUES ('2025-02-14 15:09:10', 'Payment log entry 91');
INSERT INTO PaymentLogs (Timestamp, LogMessage) VALUES ('2025-02-14 15:09:10', 'Payment log entry 92');
INSERT INTO PaymentLogs (Timestamp, LogMessage) VALUES ('2025-02-14 15:09:10', 'Payment log entry 93');
INSERT INTO PaymentLogs (Timestamp, LogMessage) VALUES ('2025-02-14 15:09:10', 'Payment log entry 94');
INSERT INTO PaymentLogs (Timestamp, LogMessage) VALUES ('2025-02-14 15:09:10', 'Payment log entry 95');
INSERT INTO PaymentLogs (Timestamp, LogMessage) VALUES ('2025-02-14 15:09:10', 'Payment log entry 96');
INSERT INTO PaymentLogs (Timestamp, LogMessage) VALUES ('2025-02-14 15:09:10', 'Payment log entry 97');
INSERT INTO PaymentLogs (Timestamp, LogMessage) VALUES ('2025-02-14 15:09:10', 'Payment log entry 98');
INSERT INTO PaymentLogs (Timestamp, LogMessage) VALUES ('2025-02-14 15:09:10', 'Payment log entry 99');
INSERT INTO PaymentLogs (Timestamp, LogMessage) VALUES ('2025-02-14 15:09:10', 'Payment log entry 100');

INSERT INTO BankDetails (BankName, AccountNumber, IBAN, BIC) VALUES ('Bank_1', 9871996092, 'IBAN390453', 'BIC2175');
INSERT INTO BankDetails (BankName, AccountNumber, IBAN, BIC) VALUES ('Bank_2', 8019225413, 'IBAN324850', 'BIC5622');
INSERT INTO BankDetails (BankName, AccountNumber, IBAN, BIC) VALUES ('Bank_3', 1244379969, 'IBAN663944', 'BIC2451');
INSERT INTO BankDetails (BankName, AccountNumber, IBAN, BIC) VALUES ('Bank_4', 8219779490, 'IBAN166534', 'BIC8297');
INSERT INTO BankDetails (BankName, AccountNumber, IBAN, BIC) VALUES ('Bank_5', 4921624952, 'IBAN135685', 'BIC1775');
INSERT INTO BankDetails (BankName, AccountNumber, IBAN, BIC) VALUES ('Bank_6', 9470060934, 'IBAN280264', 'BIC2123');
INSERT INTO BankDetails (BankName, AccountNumber, IBAN, BIC) VALUES ('Bank_7', 8327871640, 'IBAN722221', 'BIC1986');
INSERT INTO BankDetails (BankName, AccountNumber, IBAN, BIC) VALUES ('Bank_8', 9951846626, 'IBAN659103', 'BIC8801');
INSERT INTO BankDetails (BankName, AccountNumber, IBAN, BIC) VALUES ('Bank_9', 3528942487, 'IBAN544582', 'BIC6098');
INSERT INTO BankDetails (BankName, AccountNumber, IBAN, BIC) VALUES ('Bank_10', 7632357632, 'IBAN604820', 'BIC2758');
INSERT INTO BankDetails (BankName, AccountNumber, IBAN, BIC) VALUES ('Bank_11', 2612895101, 'IBAN837077', 'BIC9198');
INSERT INTO BankDetails (BankName, AccountNumber, IBAN, BIC) VALUES ('Bank_12', 4936507222, 'IBAN826592', 'BIC8663');
INSERT INTO BankDetails (BankName, AccountNumber, IBAN, BIC) VALUES ('Bank_13', 4806737092, 'IBAN310272', 'BIC3598');
INSERT INTO BankDetails (BankName, AccountNumber, IBAN, BIC) VALUES ('Bank_14', 1250562985, 'IBAN224334', 'BIC9033');
INSERT INTO BankDetails (BankName, AccountNumber, IBAN, BIC) VALUES ('Bank_15', 4429827124, 'IBAN173200', 'BIC3909');
INSERT INTO BankDetails (BankName, AccountNumber, IBAN, BIC) VALUES ('Bank_16', 4970923537, 'IBAN524178', 'BIC8315');
INSERT INTO BankDetails (BankName, AccountNumber, IBAN, BIC) VALUES ('Bank_17', 5090656146, 'IBAN991010', 'BIC3202');
INSERT INTO BankDetails (BankName, AccountNumber, IBAN, BIC) VALUES ('Bank_18', 9523668110, 'IBAN472234', 'BIC8859');
INSERT INTO BankDetails (BankName, AccountNumber, IBAN, BIC) VALUES ('Bank_19', 2841512217, 'IBAN945285', 'BIC6532');
INSERT INTO BankDetails (BankName, AccountNumber, IBAN, BIC) VALUES ('Bank_20', 7109866965, 'IBAN132680', 'BIC6773');
INSERT INTO BankDetails (BankName, AccountNumber, IBAN, BIC) VALUES ('Bank_21', 2609302819, 'IBAN604619', 'BIC6283');
INSERT INTO BankDetails (BankName, AccountNumber, IBAN, BIC) VALUES ('Bank_22', 8013289249, 'IBAN756349', 'BIC3395');
INSERT INTO BankDetails (BankName, AccountNumber, IBAN, BIC) VALUES ('Bank_23', 9713602144, 'IBAN260287', 'BIC1828');
INSERT INTO BankDetails (BankName, AccountNumber, IBAN, BIC) VALUES ('Bank_24', 8319839464, 'IBAN742878', 'BIC4931');
INSERT INTO BankDetails (BankName, AccountNumber, IBAN, BIC) VALUES ('Bank_25', 8492536045, 'IBAN841338', 'BIC3774');
INSERT INTO BankDetails (BankName, AccountNumber, IBAN, BIC) VALUES ('Bank_26', 7465545813, 'IBAN859439', 'BIC9141');
INSERT INTO BankDetails (BankName, AccountNumber, IBAN, BIC) VALUES ('Bank_27', 2896254833, 'IBAN772568', 'BIC4762');
INSERT INTO BankDetails (BankName, AccountNumber, IBAN, BIC) VALUES ('Bank_28', 5708896521, 'IBAN202158', 'BIC4199');
INSERT INTO BankDetails (BankName, AccountNumber, IBAN, BIC) VALUES ('Bank_29', 5543731979, 'IBAN802677', 'BIC2991');
INSERT INTO BankDetails (BankName, AccountNumber, IBAN, BIC) VALUES ('Bank_30', 7518945401, 'IBAN672264', 'BIC4687');
INSERT INTO BankDetails (BankName, AccountNumber, IBAN, BIC) VALUES ('Bank_31', 9306356204, 'IBAN291722', 'BIC6993');
INSERT INTO BankDetails (BankName, AccountNumber, IBAN, BIC) VALUES ('Bank_32', 4507185605, 'IBAN112217', 'BIC6657');
INSERT INTO BankDetails (BankName, AccountNumber, IBAN, BIC) VALUES ('Bank_33', 1639727013, 'IBAN848875', 'BIC1825');
INSERT INTO BankDetails (BankName, AccountNumber, IBAN, BIC) VALUES ('Bank_34', 9237909586, 'IBAN145109', 'BIC6332');
INSERT INTO BankDetails (BankName, AccountNumber, IBAN, BIC) VALUES ('Bank_35', 3778119329, 'IBAN668406', 'BIC6265');
INSERT INTO BankDetails (BankName, AccountNumber, IBAN, BIC) VALUES ('Bank_36', 4279941947, 'IBAN746021', 'BIC8976');
INSERT INTO BankDetails (BankName, AccountNumber, IBAN, BIC) VALUES ('Bank_37', 4576318932, 'IBAN494384', 'BIC7216');
INSERT INTO BankDetails (BankName, AccountNumber, IBAN, BIC) VALUES ('Bank_38', 4512219893, 'IBAN168707', 'BIC1147');
INSERT INTO BankDetails (BankName, AccountNumber, IBAN, BIC) VALUES ('Bank_39', 9682518210, 'IBAN472913', 'BIC5734');
INSERT INTO BankDetails (BankName, AccountNumber, IBAN, BIC) VALUES ('Bank_40', 7758168785, 'IBAN106130', 'BIC3049');
INSERT INTO BankDetails (BankName, AccountNumber, IBAN, BIC) VALUES ('Bank_41', 1666562302, 'IBAN407131', 'BIC3505');
INSERT INTO BankDetails (BankName, AccountNumber, IBAN, BIC) VALUES ('Bank_42', 8275093689, 'IBAN530537', 'BIC7660');
INSERT INTO BankDetails (BankName, AccountNumber, IBAN, BIC) VALUES ('Bank_43', 3970143272, 'IBAN836974', 'BIC2971');
INSERT INTO BankDetails (BankName, AccountNumber, IBAN, BIC) VALUES ('Bank_44', 4023967249, 'IBAN563051', 'BIC6787');
INSERT INTO BankDetails (BankName, AccountNumber, IBAN, BIC) VALUES ('Bank_45', 4743695118, 'IBAN890255', 'BIC5896');
INSERT INTO BankDetails (BankName, AccountNumber, IBAN, BIC) VALUES ('Bank_46', 3173080493, 'IBAN434570', 'BIC5261');
INSERT INTO BankDetails (BankName, AccountNumber, IBAN, BIC) VALUES ('Bank_47', 7447041568, 'IBAN904143', 'BIC3508');
INSERT INTO BankDetails (BankName, AccountNumber, IBAN, BIC) VALUES ('Bank_48', 8904312273, 'IBAN530214', 'BIC8317');
INSERT INTO BankDetails (BankName, AccountNumber, IBAN, BIC) VALUES ('Bank_49', 9594480863, 'IBAN795023', 'BIC9624');
INSERT INTO BankDetails (BankName, AccountNumber, IBAN, BIC) VALUES ('Bank_50', 7788575783, 'IBAN601706', 'BIC8884');
INSERT INTO BankDetails (BankName, AccountNumber, IBAN, BIC) VALUES ('Bank_51', 6254874042, 'IBAN494382', 'BIC4059');
INSERT INTO BankDetails (BankName, AccountNumber, IBAN, BIC) VALUES ('Bank_52', 7980727245, 'IBAN619720', 'BIC9551');
INSERT INTO BankDetails (BankName, AccountNumber, IBAN, BIC) VALUES ('Bank_53', 7354419852, 'IBAN563376', 'BIC9222');
INSERT INTO BankDetails (BankName, AccountNumber, IBAN, BIC) VALUES ('Bank_54', 5554833411, 'IBAN755227', 'BIC1075');
INSERT INTO BankDetails (BankName, AccountNumber, IBAN, BIC) VALUES ('Bank_55', 2812127031, 'IBAN454495', 'BIC3355');
INSERT INTO BankDetails (BankName, AccountNumber, IBAN, BIC) VALUES ('Bank_56', 7344417288, 'IBAN579921', 'BIC2238');
INSERT INTO BankDetails (BankName, AccountNumber, IBAN, BIC) VALUES ('Bank_57', 3127147077, 'IBAN254186', 'BIC4016');
INSERT INTO BankDetails (BankName, AccountNumber, IBAN, BIC) VALUES ('Bank_58', 4149545955, 'IBAN992038', 'BIC5461');
INSERT INTO BankDetails (BankName, AccountNumber, IBAN, BIC) VALUES ('Bank_59', 1337823594, 'IBAN424650', 'BIC1615');
INSERT INTO BankDetails (BankName, AccountNumber, IBAN, BIC) VALUES ('Bank_60', 9312582858, 'IBAN603209', 'BIC2071');
INSERT INTO BankDetails (BankName, AccountNumber, IBAN, BIC) VALUES ('Bank_61', 4120275958, 'IBAN624560', 'BIC7124');
INSERT INTO BankDetails (BankName, AccountNumber, IBAN, BIC) VALUES ('Bank_62', 8804160512, 'IBAN274825', 'BIC4913');
INSERT INTO BankDetails (BankName, AccountNumber, IBAN, BIC) VALUES ('Bank_63', 5479147162, 'IBAN788278', 'BIC2506');
INSERT INTO BankDetails (BankName, AccountNumber, IBAN, BIC) VALUES ('Bank_64', 3413165856, 'IBAN655463', 'BIC9294');
INSERT INTO BankDetails (BankName, AccountNumber, IBAN, BIC) VALUES ('Bank_65', 8820763104, 'IBAN315910', 'BIC9305');
INSERT INTO BankDetails (BankName, AccountNumber, IBAN, BIC) VALUES ('Bank_66', 2748147376, 'IBAN794912', 'BIC4538');
INSERT INTO BankDetails (BankName, AccountNumber, IBAN, BIC) VALUES ('Bank_67', 7265054518, 'IBAN123501', 'BIC4892');
INSERT INTO BankDetails (BankName, AccountNumber, IBAN, BIC) VALUES ('Bank_68', 7711902171, 'IBAN325101', 'BIC1609');
INSERT INTO BankDetails (BankName, AccountNumber, IBAN, BIC) VALUES ('Bank_69', 2524502119, 'IBAN216897', 'BIC3923');
INSERT INTO BankDetails (BankName, AccountNumber, IBAN, BIC) VALUES ('Bank_70', 4543291503, 'IBAN265472', 'BIC9424');
INSERT INTO BankDetails (BankName, AccountNumber, IBAN, BIC) VALUES ('Bank_71', 4838370785, 'IBAN511127', 'BIC6302');
INSERT INTO BankDetails (BankName, AccountNumber, IBAN, BIC) VALUES ('Bank_72', 1459457976, 'IBAN916309', 'BIC9089');
INSERT INTO BankDetails (BankName, AccountNumber, IBAN, BIC) VALUES ('Bank_73', 1779559866, 'IBAN905022', 'BIC4549');
INSERT INTO BankDetails (BankName, AccountNumber, IBAN, BIC) VALUES ('Bank_74', 2510816539, 'IBAN440513', 'BIC7505');
INSERT INTO BankDetails (BankName, AccountNumber, IBAN, BIC) VALUES ('Bank_75', 3545870719, 'IBAN652326', 'BIC4759');
INSERT INTO BankDetails (BankName, AccountNumber, IBAN, BIC) VALUES ('Bank_76', 2764216572, 'IBAN125870', 'BIC7772');
INSERT INTO BankDetails (BankName, AccountNumber, IBAN, BIC) VALUES ('Bank_77', 4366010712, 'IBAN210073', 'BIC1358');
INSERT INTO BankDetails (BankName, AccountNumber, IBAN, BIC) VALUES ('Bank_78', 4352573150, 'IBAN118798', 'BIC1712');
INSERT INTO BankDetails (BankName, AccountNumber, IBAN, BIC) VALUES ('Bank_79', 6840022770, 'IBAN500828', 'BIC1521');
INSERT INTO BankDetails (BankName, AccountNumber, IBAN, BIC) VALUES ('Bank_80', 2755755084, 'IBAN826938', 'BIC7303');
INSERT INTO BankDetails (BankName, AccountNumber, IBAN, BIC) VALUES ('Bank_81', 6218302619, 'IBAN805534', 'BIC9068');
INSERT INTO BankDetails (BankName, AccountNumber, IBAN, BIC) VALUES ('Bank_82', 5972668964, 'IBAN488813', 'BIC1697');
INSERT INTO BankDetails (BankName, AccountNumber, IBAN, BIC) VALUES ('Bank_83', 9510006961, 'IBAN609722', 'BIC8171');
INSERT INTO BankDetails (BankName, AccountNumber, IBAN, BIC) VALUES ('Bank_84', 5868141802, 'IBAN292471', 'BIC5001');
INSERT INTO BankDetails (BankName, AccountNumber, IBAN, BIC) VALUES ('Bank_85', 5376573020, 'IBAN981907', 'BIC1031');
INSERT INTO BankDetails (BankName, AccountNumber, IBAN, BIC) VALUES ('Bank_86', 4279557408, 'IBAN503521', 'BIC3758');
INSERT INTO BankDetails (BankName, AccountNumber, IBAN, BIC) VALUES ('Bank_87', 7380229105, 'IBAN718864', 'BIC7146');
INSERT INTO BankDetails (BankName, AccountNumber, IBAN, BIC) VALUES ('Bank_88', 4689568168, 'IBAN719138', 'BIC9302');
INSERT INTO BankDetails (BankName, AccountNumber, IBAN, BIC) VALUES ('Bank_89', 5315806497, 'IBAN860313', 'BIC9096');
INSERT INTO BankDetails (BankName, AccountNumber, IBAN, BIC) VALUES ('Bank_90', 1313180185, 'IBAN851184', 'BIC6842');
INSERT INTO BankDetails (BankName, AccountNumber, IBAN, BIC) VALUES ('Bank_91', 2400072405, 'IBAN377489', 'BIC8988');
INSERT INTO BankDetails (BankName, AccountNumber, IBAN, BIC) VALUES ('Bank_92', 6127403164, 'IBAN227939', 'BIC3721');
INSERT INTO BankDetails (BankName, AccountNumber, IBAN, BIC) VALUES ('Bank_93', 6818513714, 'IBAN901109', 'BIC7572');
INSERT INTO BankDetails (BankName, AccountNumber, IBAN, BIC) VALUES ('Bank_94', 4470099777, 'IBAN676327', 'BIC8562');
INSERT INTO BankDetails (BankName, AccountNumber, IBAN, BIC) VALUES ('Bank_95', 2343270002, 'IBAN662574', 'BIC9439');
INSERT INTO BankDetails (BankName, AccountNumber, IBAN, BIC) VALUES ('Bank_96', 1819203704, 'IBAN566762', 'BIC8969');
INSERT INTO BankDetails (BankName, AccountNumber, IBAN, BIC) VALUES ('Bank_97', 8358092876, 'IBAN640472', 'BIC9272');
INSERT INTO BankDetails (BankName, AccountNumber, IBAN, BIC) VALUES ('Bank_98', 2668853491, 'IBAN390690', 'BIC2062');
INSERT INTO BankDetails (BankName, AccountNumber, IBAN, BIC) VALUES ('Bank_99', 5291723621, 'IBAN901382', 'BIC8278');
INSERT INTO BankDetails (BankName, AccountNumber, IBAN, BIC) VALUES ('Bank_100', 7749460020, 'IBAN369265', 'BIC5451');